date,geography,debt_service_ratio,debt_service_ratio_interest_only,disposable_income,household_income,mortgage_debt_payments,mortgage_debt_service_ratio,mortgage_debt_service_ratio_interest_only,mortgage_interest_paid,non_mortgage_debt_payments,non_mortgage_debt_service_ratio,non_mortgage_debt_service_ratio_interest_only,non_mortgage_interest_paid,consumer_debt,consumer_debt_service_ratio_interest_only,interest_paid,total_debt_payments,total_interest_paid,consumer_credit_mortgage_liabilities_to_income,consumer_credit_mortgage_liabilities_to_net_worth,credit_market_debt_to_disposable_income,credit_market_debt_to_net_worth,debt_to_disposable_income,debt_to_gdp,debt_to_net_worth,debt_to_total_assets,effective_interest_cost_mortgage_loans,effective_interest_cost_non_mortgage_loans,effective_interest_cost_total_loans,disposable_income_growth_yoy,debt_to_income_change_yoy,debt_service_ratio_change_yoy,interest_cost_change_yoy,dsr_score,debt_income_score,interest_pressure_score,income_pressure_score,risk_score,risk_category,suggested_action
1990-01-01,Canada,12.19,10.62,403280.0,615496.0,29148.0,6.46,6.04,27248.0,25852.0,5.73,4.58,20652.0,16024.0,3.55,47900.0,55000.0,47900.0,78.86,15.4,86.11,16.81,87.97,54.02,17.18,14.66,2.83,4.21,3.3,,,,,20,20,,,,Insufficient Data,Data review required
1990-04-01,Canada,12.68,11.16,392652.0,626452.0,29564.0,6.69,6.31,27888.0,26468.0,5.99,4.85,21428.0,16732.0,3.79,49316.0,56032.0,49316.0,80.66,16.03,87.86,17.46,90.04,55.01,17.9,15.18,2.81,4.25,3.29,,,,,20,20,,,,Insufficient Data,Data review required
1990-07-01,Canada,12.47,11.08,404988.0,631908.0,30152.0,6.62,6.25,28464.0,26640.0,5.85,4.83,22020.0,17300.0,3.8,50484.0,56792.0,50484.0,80.89,16.15,88.01,17.58,90.33,55.59,18.04,15.28,2.87,4.41,3.39,,,,,20,20,,,,Insufficient Data,Data review required
1990-10-01,Canada,12.29,11.04,412232.0,638984.0,30748.0,6.64,6.26,29020.0,26208.0,5.66,4.78,22128.0,17504.0,3.78,51148.0,56956.0,51148.0,81.24,16.16,88.29,17.56,90.52,56.23,18.01,15.26,2.91,4.41,3.41,,,,,20,20,,,,Insufficient Data,Data review required
1991-01-01,Canada,12.19,10.98,417232.0,640844.0,31884.0,6.8,6.42,30108.0,25252.0,5.39,4.56,21380.0,17092.0,3.65,51488.0,57136.0,51488.0,81.06,15.8,88.0,17.15,90.05,56.45,17.55,14.93,2.88,4.23,3.32,3.4596310255901708,2.0799999999999983,0.0,0.020000000000000018,20,20,45.0,45.0,28.75,Low Risk,Continue standard monitoring
1991-04-01,Canada,12.13,10.94,412040.0,648248.0,32156.0,6.95,6.54,30260.0,23984.0,5.18,4.4,20352.0,16324.0,3.53,50612.0,56140.0,50612.0,81.69,15.96,88.75,17.33,91.18,57.77,17.81,15.12,2.83,3.9,3.18,4.937705652842728,1.1400000000000006,-0.5499999999999989,-0.10999999999999988,20,20,20.0,45.0,23.75,Low Risk,Continue standard monitoring
1991-07-01,Canada,11.95,10.64,420200.0,652668.0,32356.0,6.88,6.46,30360.0,23836.0,5.07,4.19,19692.0,15860.0,3.37,50052.0,56192.0,50052.0,82.93,16.14,89.73,17.47,91.89,58.63,17.89,15.17,2.82,3.85,3.15,3.7561606763657274,1.5600000000000023,-0.5200000000000014,-0.2400000000000002,20,20,20.0,45.0,23.75,Low Risk,Continue standard monitoring
1991-10-01,Canada,11.83,10.4,424068.0,654384.0,32676.0,6.9,6.5,30752.0,23292.0,4.92,3.9,18456.0,14848.0,3.14,49208.0,55968.0,49208.0,83.51,16.01,90.27,17.3,91.93,58.67,17.62,14.98,2.85,3.63,3.09,2.871198742455694,1.4100000000000108,-0.4599999999999991,-0.3200000000000003,20,20,20.0,45.0,23.75,Low Risk,Continue standard monitoring
1992-01-01,Canada,11.79,10.25,419928.0,658604.0,32316.0,6.91,6.43,30084.0,22848.0,4.88,3.82,17880.0,14372.0,3.07,47964.0,55164.0,47964.0,83.25,15.73,90.07,17.02,91.72,58.43,17.33,14.77,2.69,3.48,2.94,0.6461632856540334,1.6700000000000017,-0.40000000000000036,-0.3799999999999999,20,20,20.0,65.0,26.75,Low Risk,Continue standard monitoring
1992-04-01,Canada,11.57,9.96,428816.0,664280.0,32600.0,6.84,6.35,30256.0,22504.0,4.73,3.61,17192.0,13828.0,2.9,47448.0,55104.0,47448.0,84.06,15.74,90.74,16.99,92.52,59.21,17.33,14.77,2.63,3.3,2.84,4.071449373847202,1.3399999999999892,-0.5600000000000005,-0.3400000000000003,20,20,20.0,45.0,23.75,Low Risk,Continue standard monitoring
1992-07-01,Canada,11.2,9.56,442316.0,667800.0,32784.0,6.7,6.19,30288.0,22008.0,4.5,3.36,16448.0,13268.0,2.71,46736.0,54792.0,46736.0,84.51,15.7,91.11,16.93,92.72,59.65,17.23,14.7,2.64,3.19,2.81,5.263207996192287,0.8299999999999983,-0.75,-0.33999999999999986,20,20,20.0,20.0,20.0,Low Risk,Continue standard monitoring
1992-10-01,Canada,11.57,9.75,435524.0,669188.0,32788.0,6.79,6.32,30504.0,23064.0,4.78,3.43,16572.0,13048.0,2.7,47076.0,55852.0,47076.0,85.41,15.73,92.0,16.95,93.66,60.13,17.25,14.71,2.64,3.22,2.81,2.7014535404699336,1.7299999999999898,-0.2599999999999998,-0.2799999999999998,20,20,20.0,45.0,23.75,Low Risk,Continue standard monitoring
1993-01-01,Canada,11.22,9.18,439276.0,676464.0,31996.0,6.62,5.92,28632.0,22272.0,4.6,3.26,15748.0,12612.0,2.61,44380.0,54268.0,44380.0,84.93,15.48,91.45,16.67,92.94,59.79,16.94,14.49,2.4,3.03,2.59,4.607456516355191,1.2199999999999989,-0.5699999999999985,-0.3500000000000001,20,20,20.0,45.0,23.75,Low Risk,Continue standard monitoring
1993-04-01,Canada,10.69,8.74,458584.0,679832.0,31908.0,6.35,5.78,29056.0,21804.0,4.34,2.96,14868.0,11936.0,2.38,43924.0,53712.0,43924.0,85.5,15.45,91.93,16.61,93.84,60.74,16.96,14.5,2.35,2.81,2.49,6.941905152792804,1.3200000000000074,-0.8800000000000008,-0.34999999999999964,20,20,20.0,20.0,20.0,Low Risk,Continue standard monitoring
1993-07-01,Canada,10.99,8.81,444704.0,681600.0,31460.0,6.45,5.86,28556.0,22128.0,4.54,2.95,14396.0,11440.0,2.35,42952.0,53588.0,42952.0,86.47,15.33,92.87,16.46,94.77,60.94,16.8,14.38,2.34,2.72,2.45,0.5398855117155987,2.049999999999997,-0.20999999999999908,-0.3599999999999999,20,20,20.0,65.0,26.75,Low Risk,Continue standard monitoring
1993-10-01,Canada,11.12,8.82,442096.0,682432.0,31320.0,6.46,5.81,28152.0,22580.0,4.66,3.01,14616.0,11656.0,2.4,42768.0,53900.0,42768.0,87.09,15.15,93.62,16.29,95.26,60.81,16.57,14.22,2.3,2.71,2.43,1.5089868755797653,1.6000000000000085,-0.45000000000000107,-0.3799999999999999,20,20,20.0,65.0,26.75,Low Risk,Continue standard monitoring
1994-01-01,Canada,11.12,8.67,450008.0,685640.0,31856.0,6.47,5.75,28348.0,22936.0,4.65,2.92,14376.0,11400.0,2.31,42724.0,54792.0,42724.0,86.98,14.93,93.81,16.1,95.39,60.47,16.37,14.07,2.25,2.62,2.36,2.4431109370873783,2.450000000000003,-0.10000000000000142,-0.22999999999999998,20,20,20.0,45.0,23.75,Low Risk,Continue standard monitoring
1994-04-01,Canada,11.11,8.59,454520.0,692764.0,31384.0,6.31,5.6,27868.0,23880.0,4.8,2.98,14840.0,11692.0,2.35,42708.0,55264.0,42708.0,88.16,15.09,94.88,16.24,96.59,60.35,16.54,14.19,2.16,2.7,2.33,-0.8862062348446553,2.75,0.41999999999999993,-0.16000000000000014,20,20,20.0,85.0,29.75,Low Risk,Continue standard monitoring
1994-07-01,Canada,11.37,8.83,454144.0,701280.0,31904.0,6.4,5.7,28396.0,24756.0,4.97,3.13,15608.0,12348.0,2.48,44004.0,56660.0,44004.0,89.49,15.07,96.02,16.16,97.77,60.3,16.46,14.13,2.22,2.8,2.4,2.1227603079801316,3.0,0.379999999999999,-0.050000000000000266,20,20,20.0,45.0,23.75,Low Risk,Continue standard monitoring
1994-10-01,Canada,11.46,8.92,459636.0,708180.0,32384.0,6.42,5.73,28908.0,25440.0,5.04,3.19,16104.0,12776.0,2.53,45012.0,57824.0,45012.0,90.35,15.24,96.97,16.36,98.44,60.27,16.61,14.24,2.24,2.82,2.42,3.9674640801997674,3.1799999999999926,0.34000000000000163,-0.010000000000000231,20,20,20.0,45.0,23.75,Low Risk,Continue standard monitoring
1995-01-01,Canada,11.94,9.27,461916.0,715664.0,33532.0,6.59,5.84,29728.0,27272.0,5.36,3.44,17492.0,13760.0,2.7,47220.0,60804.0,47220.0,90.12,15.11,96.94,16.26,98.15,59.63,16.46,14.13,2.24,3.03,2.48,2.6461751791079235,2.760000000000005,0.8200000000000003,0.1200000000000001,20,20,45.0,45.0,28.75,Low Risk,Continue standard monitoring
1995-04-01,Canada,11.88,9.45,465884.0,722476.0,33508.0,6.51,5.85,30092.0,27632.0,5.37,3.6,18512.0,14844.0,2.89,48604.0,61140.0,48604.0,90.73,15.13,97.56,16.27,98.8,59.54,16.48,14.15,2.22,3.17,2.51,2.5002200123206864,2.2099999999999937,0.7700000000000014,0.17999999999999972,20,20,45.0,45.0,28.75,Low Risk,Continue standard monitoring
1995-07-01,Canada,11.91,9.4,465836.0,727596.0,33612.0,6.54,5.83,29956.0,27620.0,5.37,3.58,18388.0,14796.0,2.88,48344.0,61232.0,48344.0,91.85,15.27,98.68,16.4,99.96,59.97,16.61,14.25,2.23,3.09,2.49,2.574513810597523,2.1899999999999977,0.5400000000000009,0.0900000000000003,20,20,45.0,45.0,28.75,Low Risk,Continue standard monitoring
1995-10-01,Canada,11.9,9.32,469072.0,730372.0,33568.0,6.49,5.76,29820.0,28012.0,5.42,3.55,18388.0,14800.0,2.86,48208.0,61580.0,48208.0,92.06,15.17,98.94,16.3,100.19,59.98,16.51,14.17,2.22,3.02,2.47,2.052928839342427,1.75,0.4399999999999995,0.050000000000000266,20,20,45.0,45.0,28.75,Low Risk,Continue standard monitoring
1996-01-01,Canada,11.9,9.21,472160.0,733988.0,33564.0,6.45,5.72,29768.0,28344.0,5.45,3.49,18128.0,14816.0,2.85,47896.0,61908.0,47896.0,92.04,14.93,99.15,16.08,100.28,59.9,16.27,13.99,2.17,2.91,2.4,2.21771923899583,2.1299999999999955,-0.03999999999999915,-0.08000000000000007,20,20,20.0,45.0,23.75,Low Risk,Continue standard monitoring
1996-04-01,Canada,11.97,9.13,473700.0,737104.0,33508.0,6.43,5.67,29540.0,28884.0,5.54,3.46,18028.0,14784.0,2.84,47568.0,62392.0,47568.0,93.46,14.97,100.73,16.13,101.78,60.64,16.3,14.02,2.1,2.84,2.33,1.6776708365172421,2.980000000000004,0.08999999999999986,-0.17999999999999972,20,20,20.0,65.0,26.75,Low Risk,Continue standard monitoring
1996-07-01,Canada,12.03,8.96,475332.0,742812.0,33344.0,6.39,5.56,29036.0,29468.0,5.64,3.4,17752.0,14624.0,2.8,46788.0,62812.0,46788.0,94.51,14.96,101.53,16.07,102.55,60.79,16.23,13.96,2.1,2.75,2.3,2.0384856473093516,2.5900000000000034,0.11999999999999922,-0.1900000000000004,20,20,20.0,45.0,23.75,Low Risk,Continue standard monitoring
1996-10-01,Canada,11.9,8.71,480920.0,750800.0,33088.0,6.28,5.45,28724.0,29580.0,5.61,3.26,17168.0,14280.0,2.71,45892.0,62668.0,45892.0,95.39,14.78,102.44,15.88,103.37,60.96,16.02,13.81,2.05,2.6,2.23,2.5258382508442256,3.180000000000007,0.0,-0.2400000000000002,20,20,20.0,45.0,23.75,Low Risk,Continue standard monitoring
1997-01-01,Canada,11.9,8.36,485296.0,755312.0,32760.0,6.19,5.27,27920.0,30256.0,5.71,3.09,16368.0,13552.0,2.56,44288.0,63016.0,44288.0,95.42,14.78,102.88,15.93,104.09,61.11,16.12,13.88,1.94,2.41,2.09,2.7821077600813204,3.8100000000000023,0.0,-0.31000000000000005,20,20,20.0,45.0,23.75,Low Risk,Continue standard monitoring
1997-04-01,Canada,11.94,8.27,487336.0,764380.0,32528.0,6.12,5.23,27784.0,30900.0,5.82,3.04,16160.0,13384.0,2.52,43944.0,63428.0,43944.0,96.16,14.7,103.49,15.82,104.84,61.12,16.02,13.81,1.89,2.34,2.04,2.878615157272546,3.0600000000000023,-0.030000000000001137,-0.29000000000000004,20,20,20.0,45.0,23.75,Low Risk,Continue standard monitoring
1997-07-01,Canada,11.78,8.05,501280.0,776752.0,32436.0,5.95,5.05,27512.0,31788.0,5.83,3.0,16352.0,13564.0,2.49,43864.0,64224.0,43864.0,97.8,14.79,104.84,15.85,106.14,61.67,16.05,13.83,1.89,2.29,2.02,5.458921343397871,3.5900000000000034,-0.25,-0.2799999999999998,20,20,20.0,20.0,20.0,Low Risk,Continue standard monitoring
1997-10-01,Canada,11.92,8.07,505812.0,783004.0,32400.0,5.89,4.95,27244.0,33168.0,6.03,3.12,17168.0,14168.0,2.57,44412.0,65568.0,44412.0,98.36,14.84,105.6,15.94,106.6,61.82,16.09,13.86,1.87,2.31,2.01,5.17591283373533,3.2299999999999898,0.019999999999999574,-0.2200000000000002,20,20,20.0,20.0,20.0,Low Risk,Continue standard monitoring
1998-01-01,Canada,12.22,8.23,508368.0,795624.0,32892.0,5.94,4.94,27364.0,34812.0,6.28,3.29,18224.0,14904.0,2.69,45588.0,67704.0,45588.0,98.35,14.69,106.09,15.84,107.66,62.51,16.08,13.85,1.82,2.39,2.01,4.754211862450952,3.569999999999993,0.3200000000000003,-0.08000000000000007,20,20,20.0,45.0,23.75,Low Risk,Continue standard monitoring
1998-04-01,Canada,12.33,8.26,510620.0,804440.0,32544.0,5.85,4.89,27240.0,36076.0,6.48,3.36,18724.0,15408.0,2.77,45964.0,68620.0,45964.0,99.62,14.95,107.23,16.09,108.5,62.87,16.29,14.01,1.76,2.4,1.98,4.777812433310902,3.6599999999999966,0.39000000000000057,-0.06000000000000005,20,20,20.0,45.0,23.75,Low Risk,Continue standard monitoring
1998-07-01,Canada,12.38,8.26,523392.0,810304.0,33356.0,5.85,4.87,27772.0,37248.0,6.53,3.39,19340.0,15812.0,2.77,47112.0,70604.0,47112.0,100.72,15.76,108.2,16.93,109.85,63.82,17.19,14.67,1.82,2.42,2.02,4.411107564634542,3.7099999999999937,0.6000000000000014,0.0,20,20,45.0,45.0,28.75,Low Risk,Continue standard monitoring
1998-10-01,Canada,12.33,8.27,531968.0,824148.0,33500.0,5.78,4.83,28004.0,38000.0,6.55,3.44,19968.0,16372.0,2.82,47972.0,71500.0,47972.0,101.28,15.47,108.69,16.6,109.81,64.08,16.77,14.36,1.8,2.45,2.02,5.171091235478786,3.210000000000008,0.41000000000000014,0.010000000000000231,20,20,45.0,20.0,25.0,Low Risk,Continue standard monitoring
1999-01-01,Canada,12.26,8.1,534304.0,828032.0,32476.0,5.59,4.51,26232.0,38824.0,6.68,3.58,20832.0,17380.0,2.99,47064.0,71300.0,47064.0,100.73,15.76,108.12,16.92,109.71,64.01,17.17,14.65,1.66,2.51,1.96,5.101816007301796,2.049999999999997,0.03999999999999915,-0.04999999999999982,20,20,20.0,20.0,20.0,Low Risk,Continue standard monitoring
1999-04-01,Canada,12.05,7.88,543140.0,841284.0,32148.0,5.45,4.43,26132.0,38916.0,6.6,3.45,20344.0,16988.0,2.88,46476.0,71064.0,46476.0,101.31,15.81,108.58,16.95,110.38,64.26,17.23,14.7,1.61,2.39,1.88,6.368728212760955,1.8799999999999955,-0.27999999999999936,-0.10000000000000009,20,20,20.0,20.0,20.0,Low Risk,Continue standard monitoring
1999-07-01,Canada,12.04,7.75,550512.0,851248.0,32380.0,5.43,4.32,25796.0,39472.0,6.61,3.43,20480.0,17124.0,2.87,46276.0,71852.0,46276.0,101.73,15.85,108.72,16.94,110.49,63.82,17.22,14.69,1.62,2.38,1.88,5.181584739545131,0.6400000000000006,-0.34000000000000163,-0.14000000000000012,20,20,20.0,20.0,20.0,Low Risk,Continue standard monitoring
1999-10-01,Canada,12.15,7.72,557084.0,862888.0,33048.0,5.47,4.34,26228.0,40324.0,6.68,3.38,20384.0,16960.0,2.81,46612.0,73372.0,46612.0,102.01,15.42,108.96,16.47,110.55,63.43,16.71,14.32,1.63,2.27,1.86,4.721336621751693,0.7399999999999949,-0.17999999999999972,-0.15999999999999992,20,20,20.0,45.0,23.75,Low Risk,Continue standard monitoring
2000-01-01,Canada,12.21,8.09,563668.0,881080.0,33716.0,5.5,4.51,27684.0,41168.0,6.71,3.58,21932.0,18444.0,3.01,49616.0,74884.0,49616.0,102.0,15.23,109.24,16.31,110.76,62.98,16.54,14.19,1.66,2.4,1.92,5.495747739114809,1.0500000000000114,-0.049999999999998934,-0.040000000000000036,20,20,20.0,20.0,20.0,Low Risk,Continue standard monitoring
2000-04-01,Canada,12.35,8.37,573208.0,897340.0,34708.0,5.55,4.52,28248.0,42532.0,6.8,3.85,24088.0,20468.0,3.27,52336.0,77240.0,52336.0,101.92,15.15,108.98,16.2,110.78,62.39,16.46,14.14,1.69,2.56,2.01,5.535957579997786,0.4000000000000057,0.29999999999999893,0.1299999999999999,20,20,45.0,20.0,25.0,Low Risk,Continue standard monitoring
2000-07-01,Canada,12.32,8.34,586036.0,911920.0,35024.0,5.48,4.42,28260.0,43740.0,6.84,3.92,25040.0,21420.0,3.35,53300.0,78764.0,53300.0,102.37,15.33,109.26,16.36,111.1,62.16,16.64,14.26,1.7,2.61,2.03,6.452902025750573,0.6099999999999994,0.28000000000000114,0.1499999999999999,20,20,45.0,20.0,25.0,Low Risk,Continue standard monitoring
2000-10-01,Canada,12.36,8.43,595804.0,921880.0,35488.0,5.45,4.47,29056.0,44912.0,6.9,3.97,25820.0,22152.0,3.4,54876.0,80400.0,54876.0,101.82,15.9,108.52,16.95,110.36,61.62,17.23,14.7,1.72,2.61,2.05,6.950477845351877,-0.18999999999999773,0.20999999999999908,0.18999999999999972,20,20,45.0,20.0,25.0,Low Risk,Continue standard monitoring
2001-01-01,Canada,12.05,8.26,614560.0,940528.0,35392.0,5.28,4.32,28972.0,45356.0,6.77,3.93,26348.0,22516.0,3.36,55320.0,80748.0,55320.0,100.0,16.11,107.12,17.26,109.07,60.86,17.57,14.94,1.67,2.67,2.04,9.028719033189759,-1.690000000000012,-0.16000000000000014,0.1200000000000001,20,20,45.0,20.0,25.0,Low Risk,Continue standard monitoring
2001-04-01,Canada,12.28,8.24,602796.0,943860.0,35440.0,5.39,4.36,28656.0,45220.0,6.88,3.88,25464.0,21884.0,3.33,54120.0,80660.0,54120.0,101.06,16.27,108.0,17.39,110.11,61.28,17.72,15.06,1.66,2.5,1.97,5.161826073606779,-0.6700000000000017,-0.07000000000000028,-0.039999999999999813,20,20,20.0,20.0,20.0,Low Risk,Continue standard monitoring
2001-07-01,Canada,11.99,7.83,619000.0,945100.0,35392.0,5.27,4.22,28324.0,45148.0,6.72,3.62,24288.0,20788.0,3.1,52612.0,80540.0,52612.0,102.26,16.86,109.09,17.99,111.37,62.37,18.36,15.51,1.63,2.38,1.91,5.624910415059836,0.27000000000001023,-0.33000000000000007,-0.11999999999999988,20,20,20.0,20.0,20.0,Low Risk,Continue standard monitoring
2001-10-01,Canada,11.81,7.51,624784.0,948636.0,35300.0,5.23,4.11,27764.0,44456.0,6.58,3.4,22972.0,19808.0,2.93,50736.0,79756.0,50736.0,103.25,16.57,109.97,17.65,112.4,63.34,18.04,15.28,1.56,2.19,1.79,4.864015683009848,2.0400000000000063,-0.5499999999999989,-0.2599999999999998,20,20,20.0,45.0,23.75,Low Risk,Continue standard monitoring
2002-01-01,Canada,11.71,7.16,634372.0,953464.0,35804.0,5.24,4.0,27356.0,44220.0,6.47,3.16,21600.0,18700.0,2.74,48956.0,80024.0,48956.0,103.51,16.36,110.36,17.44,112.73,63.9,17.81,15.12,1.48,2.06,1.69,3.223769851601155,3.660000000000011,-0.33999999999999986,-0.3500000000000001,20,20,20.0,45.0,23.75,Low Risk,Continue standard monitoring
2002-04-01,Canada,11.81,7.13,635996.0,957496.0,35884.0,5.24,3.98,27248.0,44960.0,6.57,3.15,21572.0,18660.0,2.72,48820.0,80844.0,48820.0,105.16,17.07,111.82,18.15,114.17,65.01,18.53,15.64,1.47,1.97,1.65,5.507667602306587,4.060000000000002,-0.46999999999999886,-0.32000000000000006,20,20,20.0,20.0,20.0,Low Risk,Continue standard monitoring
2002-07-01,Canada,11.88,7.18,647156.0,967944.0,36428.0,5.22,3.94,27496.0,46388.0,6.65,3.23,22540.0,19476.0,2.79,50036.0,82816.0,50036.0,106.48,17.6,113.2,18.71,115.57,65.52,19.1,16.04,1.47,2.04,1.68,4.548626817447499,4.199999999999989,-0.10999999999999943,-0.22999999999999998,20,20,20.0,45.0,23.75,Low Risk,Continue standard monitoring
2002-10-01,Canada,11.99,7.35,652804.0,982888.0,36812.0,5.22,3.95,27860.0,47648.0,6.76,3.39,23912.0,20816.0,2.95,51772.0,84460.0,51772.0,107.4,17.6,114.04,18.69,116.45,65.56,19.09,16.03,1.44,2.1,1.69,4.48474992957566,4.049999999999997,0.17999999999999972,-0.10000000000000009,20,20,20.0,45.0,23.75,Low Risk,Continue standard monitoring
2003-01-01,Canada,12.04,7.16,663028.0,988888.0,37356.0,5.23,3.94,28152.0,48628.0,6.81,3.22,23000.0,19932.0,2.79,51152.0,85984.0,51152.0,107.33,17.9,113.92,19.0,116.42,64.79,19.41,16.26,1.43,2.05,1.65,4.5172233326817635,3.6899999999999977,0.3299999999999983,-0.040000000000000036,20,20,20.0,45.0,23.75,Low Risk,Continue standard monitoring
2003-04-01,Canada,12.34,7.32,659340.0,992224.0,37856.0,5.32,4.01,28516.0,49968.0,7.02,3.31,23584.0,20432.0,2.87,52100.0,87824.0,52100.0,108.59,17.82,115.12,18.89,117.56,65.6,19.29,16.17,1.45,1.97,1.64,3.670463336247387,3.3900000000000006,0.5299999999999994,-0.010000000000000009,20,20,20.0,45.0,23.75,Low Risk,Continue standard monitoring
2003-07-01,Canada,12.46,7.5,661492.0,1001496.0,38244.0,5.35,3.99,28524.0,50876.0,7.11,3.51,25104.0,22032.0,3.08,53628.0,89120.0,53628.0,110.91,18.03,117.43,19.09,119.86,66.66,19.49,16.31,1.41,2.09,1.66,2.2152309489520405,4.290000000000006,0.5800000000000001,-0.020000000000000018,20,20,20.0,45.0,23.75,Low Risk,Continue standard monitoring
2003-10-01,Canada,12.49,7.37,669092.0,1013376.0,38744.0,5.36,3.95,28508.0,51484.0,7.13,3.42,24728.0,21680.0,3.0,53236.0,90228.0,53236.0,112.81,17.82,119.28,18.84,121.56,67.39,19.2,16.11,1.37,2.0,1.6,2.495082750718436,5.109999999999999,0.5,-0.08999999999999986,20,20,20.0,45.0,23.75,Low Risk,Continue standard monitoring
2004-01-01,Canada,12.47,7.42,678048.0,1031976.0,39024.0,5.33,3.89,28480.0,52276.0,7.14,3.53,25880.0,22956.0,3.13,54360.0,91300.0,54360.0,113.5,17.68,120.13,18.71,122.16,67.64,19.03,15.99,1.34,2.09,1.62,2.2653643586696193,5.739999999999995,0.4300000000000015,-0.029999999999999805,20,20,20.0,45.0,23.75,Low Risk,Continue standard monitoring
2004-04-01,Canada,12.36,7.22,694356.0,1046444.0,39592.0,5.29,3.78,28260.0,52900.0,7.07,3.44,25752.0,22952.0,3.07,54012.0,92492.0,54012.0,116.5,18.09,123.05,19.11,124.57,68.62,19.34,16.21,1.3,1.93,1.53,5.3107653107653086,7.009999999999991,0.019999999999999574,-0.10999999999999988,20,20,20.0,20.0,20.0,Low Risk,Continue standard monitoring
2004-07-01,Canada,12.42,7.14,702448.0,1059880.0,40204.0,5.31,3.74,28300.0,53788.0,7.11,3.4,25736.0,22912.0,3.03,54036.0,93992.0,54036.0,118.12,18.48,124.65,19.5,126.2,69.23,19.75,16.49,1.27,1.93,1.52,6.191458097754765,6.340000000000003,-0.040000000000000924,-0.1399999999999999,20,20,20.0,20.0,20.0,Low Risk,Continue standard monitoring
2004-10-01,Canada,12.67,7.16,706096.0,1072216.0,40828.0,5.37,3.76,28628.0,55540.0,7.3,3.4,25828.0,22884.0,3.01,54456.0,96368.0,54456.0,119.62,18.99,126.06,20.01,127.55,69.75,20.25,16.84,1.24,1.87,1.47,5.530480113347647,5.989999999999995,0.17999999999999972,-0.13000000000000012,20,20,20.0,20.0,20.0,Low Risk,Continue standard monitoring
2005-01-01,Canada,13.11,7.47,703856.0,1080420.0,41816.0,5.5,3.85,29260.0,57896.0,7.61,3.63,27592.0,24420.0,3.21,56852.0,99712.0,56852.0,120.43,18.66,127.38,19.74,128.91,70.09,19.98,16.65,1.24,1.95,1.51,3.8062202085987984,6.75,0.6399999999999988,-0.1100000000000001,45,20,20.0,45.0,32.5,Low Risk,Continue standard monitoring
2005-04-01,Canada,13.15,7.46,719692.0,1101560.0,42772.0,5.5,3.85,29936.0,59488.0,7.65,3.61,28048.0,24884.0,3.2,57984.0,102260.0,57984.0,123.05,18.7,129.91,19.74,131.4,71.13,19.97,16.65,1.25,1.86,1.48,3.6488487173726547,6.8300000000000125,0.7900000000000009,-0.050000000000000044,45,20,20.0,45.0,32.5,Low Risk,Continue standard monitoring
2005-07-01,Canada,13.28,7.54,724884.0,1116248.0,43624.0,5.56,3.9,30564.0,60504.0,7.72,3.64,28548.0,25304.0,3.23,59112.0,104128.0,59112.0,125.22,18.74,132.12,19.77,133.73,72.15,20.01,16.67,1.24,1.89,1.49,3.193973077010681,7.529999999999987,0.8599999999999994,-0.030000000000000027,45,20,20.0,45.0,32.5,Low Risk,Continue standard monitoring
2005-10-01,Canada,13.49,7.41,737612.0,1129340.0,44808.0,5.62,3.91,31140.0,62656.0,7.86,3.5,27908.0,24432.0,3.07,59048.0,107464.0,59048.0,126.49,18.91,133.37,19.94,135.2,72.58,20.21,16.82,1.24,1.82,1.46,4.463415739502841,7.6499999999999915,0.8200000000000003,-0.010000000000000009,45,20,20.0,45.0,32.5,Low Risk,Continue standard monitoring
2006-01-01,Canada,13.46,7.74,759840.0,1165716.0,45812.0,5.56,3.89,32016.0,65060.0,7.9,3.85,31724.0,27960.0,3.39,63740.0,110872.0,63740.0,125.95,18.36,133.01,19.39,134.77,72.7,19.64,16.42,1.21,2.05,1.53,7.953899661294361,5.860000000000014,0.3500000000000014,0.020000000000000018,45,20,45.0,20.0,33.75,Low Risk,Continue standard monitoring
2006-04-01,Canada,13.91,8.12,760588.0,1171792.0,47300.0,5.71,4.05,33524.0,67808.0,8.19,4.07,33672.0,29628.0,3.58,67196.0,115108.0,67196.0,127.51,18.61,134.71,19.66,136.53,73.51,19.93,16.61,1.27,2.04,1.56,5.682430817627537,5.1299999999999955,0.7599999999999998,0.08000000000000007,45,20,45.0,20.0,33.75,Low Risk,Continue standard monitoring
2006-07-01,Canada,13.96,8.27,781244.0,1197376.0,48756.0,5.72,4.05,34472.0,70136.0,8.24,4.22,35932.0,31636.0,3.71,70404.0,118892.0,70404.0,129.22,18.83,136.62,19.91,138.57,74.82,20.19,16.8,1.29,2.15,1.62,7.775037109385785,4.840000000000003,0.6800000000000015,0.13000000000000012,45,20,45.0,20.0,33.75,Low Risk,Continue standard monitoring
2006-10-01,Canada,14.04,8.37,795824.0,1217940.0,49840.0,5.74,4.07,35364.0,72112.0,8.3,4.3,37356.0,32948.0,3.79,72720.0,121952.0,72720.0,130.45,18.73,138.03,19.81,139.84,76.09,20.07,16.72,1.28,2.21,1.63,7.891954035454951,4.640000000000015,0.5499999999999989,0.16999999999999993,65,20,45.0,20.0,40.75,Moderate Risk,Increase monitoring of household credit stress indicators
2007-01-01,Canada,14.16,8.41,812260.0,1238828.0,51596.0,5.82,4.12,36560.0,73960.0,8.34,4.28,37976.0,33520.0,3.78,74536.0,125556.0,74536.0,131.84,18.53,139.63,19.63,141.32,76.9,19.86,16.57,1.26,2.21,1.62,6.898820804379868,6.549999999999983,0.6999999999999993,0.09000000000000008,65,20,45.0,20.0,40.75,Moderate Risk,Increase monitoring of household credit stress indicators
2007-04-01,Canada,14.54,8.73,810396.0,1267240.0,53124.0,5.98,4.27,37924.0,75984.0,8.56,4.46,39636.0,34908.0,3.93,77560.0,129108.0,77560.0,134.92,18.8,142.88,19.91,144.81,78.83,20.18,16.79,1.28,2.15,1.6,6.548617648450938,8.280000000000001,0.629999999999999,0.040000000000000036,65,20,45.0,20.0,40.75,Moderate Risk,Increase monitoring of household credit stress indicators
2007-07-01,Canada,14.88,8.92,814508.0,1278304.0,54832.0,6.13,4.39,39264.0,78284.0,8.75,4.53,40532.0,35716.0,3.99,79796.0,133116.0,79796.0,137.38,19.27,145.3,20.38,147.02,80.07,20.62,17.09,1.28,2.19,1.62,4.257824700093704,8.450000000000017,0.9199999999999999,0.0,65,20,45.0,45.0,44.5,Moderate Risk,Increase monitoring of household credit stress indicators
2007-10-01,Canada,15.0,9.07,828116.0,1294092.0,56988.0,6.26,4.47,40672.0,79640.0,8.74,4.61,41980.0,37036.0,4.07,82652.0,136628.0,82652.0,138.79,19.71,146.75,20.84,148.69,81.03,21.11,17.43,1.3,2.27,1.66,4.057681095317567,8.849999999999994,0.9600000000000009,0.030000000000000027,85,20,45.0,45.0,51.5,Moderate Risk,Increase monitoring of household credit stress indicators
2008-01-01,Canada,14.82,8.97,843608.0,1321476.0,57588.0,6.21,4.46,41316.0,79712.0,8.6,4.51,41768.0,36916.0,3.98,83084.0,137300.0,83084.0,139.74,19.67,147.86,20.81,149.83,81.39,21.09,17.41,1.28,2.2,1.62,3.8593553788195845,8.51000000000002,0.6600000000000001,0.0,65,20,45.0,45.0,44.5,Moderate Risk,Increase monitoring of household credit stress indicators
2008-04-01,Canada,14.66,8.8,858020.0,1321288.0,58520.0,6.22,4.36,40984.0,79384.0,8.44,4.45,41836.0,37228.0,3.96,82820.0,137904.0,82820.0,141.68,19.58,149.89,20.71,152.05,82.79,21.01,17.36,1.23,2.08,1.55,5.876633152187316,7.240000000000009,0.120000000000001,-0.050000000000000044,65,20,20.0,20.0,35.75,Low Risk,Continue standard monitoring
2008-07-01,Canada,14.5,8.64,874716.0,1333848.0,59316.0,6.2,4.34,41512.0,79488.0,8.3,4.3,41164.0,36668.0,3.83,82676.0,138804.0,82676.0,142.67,21.12,150.81,22.33,153.03,83.22,22.66,18.47,1.22,2.05,1.53,7.391947040421942,6.009999999999991,-0.3800000000000008,-0.09000000000000008,65,20,20.0,20.0,35.75,Low Risk,Continue standard monitoring
2008-10-01,Canada,14.37,8.3,873268.0,1328292.0,58192.0,6.11,4.05,38560.0,78648.0,8.26,4.26,40532.0,36312.0,3.81,79092.0,136840.0,79092.0,143.08,22.07,151.18,23.32,153.31,83.99,23.64,19.12,1.12,2.03,1.46,5.452376237145518,4.6200000000000045,-0.6300000000000008,-0.19999999999999996,65,20,20.0,20.0,35.75,Low Risk,Continue standard monitoring
2009-01-01,Canada,14.19,7.97,869928.0,1322648.0,58648.0,6.2,4.02,37984.0,75492.0,7.99,3.95,37332.0,33724.0,3.57,75316.0,134140.0,75316.0,144.2,22.59,152.15,23.83,154.15,85.58,24.15,19.45,1.07,1.84,1.35,3.119932480488563,4.319999999999993,-0.6300000000000008,-0.27,65,20,20.0,45.0,39.5,Low Risk,Continue standard monitoring
2009-04-01,Canada,14.09,7.63,874224.0,1316688.0,58956.0,6.23,3.96,37448.0,74428.0,7.86,3.67,34760.0,31444.0,3.32,72208.0,133384.0,72208.0,147.18,21.92,155.22,23.12,157.51,89.32,23.46,19.0,1.05,1.61,1.26,1.8885340668049588,5.4599999999999795,-0.5700000000000003,-0.29000000000000004,65,20,20.0,65.0,42.5,Moderate Risk,Increase monitoring of household credit stress indicators
2009-07-01,Canada,13.87,7.47,891036.0,1327080.0,59512.0,6.18,3.95,38076.0,74004.0,7.69,3.51,33844.0,30672.0,3.19,71920.0,133516.0,71920.0,150.22,21.61,158.29,22.77,160.41,93.22,23.07,18.75,1.03,1.58,1.24,1.8657484257747603,7.3799999999999955,-0.6300000000000008,-0.29000000000000004,45,45,20.0,65.0,43.0,Moderate Risk,Increase monitoring of household credit stress indicators
2009-10-01,Canada,13.82,7.34,903940.0,1336012.0,60116.0,6.16,3.88,37868.0,74664.0,7.65,3.46,33772.0,30604.0,3.14,71640.0,134780.0,71640.0,152.58,21.77,160.48,22.9,162.59,95.49,23.2,18.83,1.02,1.57,1.23,3.5123238226981934,9.280000000000001,-0.5499999999999989,-0.22999999999999998,45,45,20.0,45.0,40.0,Moderate Risk,Increase monitoring of household credit stress indicators
2010-01-01,Canada,13.76,7.24,925300.0,1345604.0,60724.0,6.09,3.8,37920.0,76532.0,7.67,3.44,34264.0,31008.0,3.11,72184.0,137256.0,72184.0,151.0,21.46,159.04,22.6,161.07,95.09,22.89,18.62,0.98,1.59,1.2,6.365124470071093,6.9199999999999875,-0.4299999999999997,-0.15000000000000013,45,45,20.0,20.0,36.25,Low Risk,Continue standard monitoring
2010-04-01,Canada,14.11,7.45,913868.0,1363764.0,61592.0,6.24,3.92,38676.0,77720.0,7.87,3.54,34912.0,31380.0,3.18,73588.0,139312.0,73588.0,152.77,21.95,160.87,23.12,163.21,95.83,23.45,19.0,0.97,1.56,1.18,4.534764545471193,5.700000000000017,0.019999999999999574,-0.08000000000000007,65,45,20.0,45.0,47.0,Moderate Risk,Increase monitoring of household credit stress indicators
2010-07-01,Canada,14.1,7.32,928072.0,1376060.0,62344.0,6.23,3.82,38240.0,78820.0,7.87,3.5,35036.0,31428.0,3.14,73276.0,141164.0,73276.0,154.02,21.55,162.1,22.68,164.27,95.84,22.99,18.69,0.98,1.58,1.2,4.156509950215259,3.8600000000000136,0.23000000000000043,-0.040000000000000036,65,45,20.0,45.0,47.0,Moderate Risk,Increase monitoring of household credit stress indicators
2010-10-01,Canada,14.04,7.3,945124.0,1402528.0,63356.0,6.21,3.83,39092.0,79752.0,7.82,3.47,35368.0,31648.0,3.1,74460.0,143108.0,74460.0,154.59,21.29,162.48,22.38,164.71,95.52,22.69,18.49,0.99,1.59,1.2,4.556054605394166,2.1200000000000045,0.21999999999999886,-0.030000000000000027,65,45,20.0,45.0,47.0,Moderate Risk,Increase monitoring of household credit stress indicators
2011-01-01,Canada,14.09,7.43,950388.0,1417848.0,64116.0,6.25,3.85,39504.0,80592.0,7.85,3.58,36784.0,32996.0,3.21,76288.0,144708.0,76288.0,154.54,21.0,162.54,22.08,164.82,94.93,22.39,18.3,0.96,1.65,1.2,2.711336863719871,3.75,0.33000000000000007,0.0,65,45,45.0,45.0,52.0,Moderate Risk,Increase monitoring of household credit stress indicators
2011-04-01,Canada,14.18,7.27,953648.0,1431612.0,64544.0,6.28,3.82,39328.0,81328.0,7.91,3.44,35412.0,31612.0,3.07,74740.0,145872.0,74740.0,156.02,21.22,163.92,22.3,166.19,95.5,22.61,18.44,0.93,1.52,1.14,4.352926243177357,2.9799999999999898,0.07000000000000028,-0.040000000000000036,65,45,20.0,45.0,47.0,Moderate Risk,Increase monitoring of household credit stress indicators
2011-07-01,Canada,14.14,7.24,962860.0,1445464.0,65032.0,6.27,3.74,38772.0,81732.0,7.87,3.5,36328.0,32620.0,3.14,75100.0,146764.0,75100.0,157.06,21.79,164.76,22.85,166.92,95.4,23.15,18.8,0.91,1.59,1.15,3.7484160711668935,2.6499999999999773,0.040000000000000924,-0.050000000000000044,65,45,20.0,45.0,47.0,Moderate Risk,Increase monitoring of household credit stress indicators
2011-10-01,Canada,14.02,7.12,981496.0,1456528.0,65924.0,6.24,3.67,38740.0,82280.0,7.79,3.46,36532.0,32736.0,3.1,75272.0,148204.0,75272.0,156.65,21.5,164.52,22.59,166.79,94.87,22.9,18.63,0.91,1.59,1.15,3.848383915761322,2.079999999999984,-0.019999999999999574,-0.050000000000000044,65,45,20.0,45.0,47.0,Moderate Risk,Increase monitoring of household credit stress indicators
2012-01-01,Canada,13.95,7.03,989444.0,1479616.0,66224.0,6.22,3.66,38940.0,82240.0,7.73,3.37,35864.0,32048.0,3.01,74804.0,148464.0,74804.0,155.67,20.99,163.65,22.07,165.94,94.43,22.38,18.28,0.9,1.58,1.13,4.109479496794988,1.1200000000000045,-0.14000000000000057,-0.07000000000000006,45,45,20.0,45.0,40.0,Moderate Risk,Increase monitoring of household credit stress indicators
2012-04-01,Canada,14.02,7.07,994088.0,1492748.0,67308.0,6.29,3.66,39128.0,82708.0,7.73,3.41,36504.0,32580.0,3.05,75632.0,150016.0,75632.0,156.86,21.1,164.87,22.17,167.19,95.15,22.49,18.36,0.86,1.54,1.09,4.24055836115631,1.0,-0.16000000000000014,-0.04999999999999982,65,45,20.0,45.0,47.0,Moderate Risk,Increase monitoring of household credit stress indicators
2012-07-01,Canada,13.98,7.0,1006960.0,1508396.0,68024.0,6.28,3.65,39468.0,83300.0,7.69,3.35,36284.0,32428.0,3.0,75752.0,151324.0,75752.0,157.59,21.0,165.43,22.05,167.63,95.84,22.34,18.26,0.88,1.55,1.11,4.580105103545695,0.710000000000008,-0.16000000000000014,-0.039999999999999813,45,45,20.0,45.0,40.0,Moderate Risk,Increase monitoring of household credit stress indicators
2012-10-01,Canada,13.97,6.88,1014516.0,1522516.0,68780.0,6.31,3.6,39240.0,83360.0,7.65,3.27,35664.0,31868.0,2.93,74904.0,152140.0,74904.0,157.54,20.85,165.23,21.87,167.35,96.05,22.15,18.14,0.87,1.52,1.09,3.364252121251643,0.5600000000000023,-0.049999999999998934,-0.05999999999999983,45,45,20.0,45.0,40.0,Moderate Risk,Increase monitoring of household credit stress indicators
2013-01-01,Canada,13.77,6.82,1036240.0,1542000.0,69548.0,6.25,3.58,39824.0,83584.0,7.52,3.24,36056.0,32172.0,2.89,75880.0,153132.0,75880.0,156.57,20.43,164.33,21.44,166.48,95.85,21.72,17.84,0.87,1.54,1.1,4.729524864469337,0.539999999999992,-0.17999999999999972,-0.029999999999999805,45,45,20.0,45.0,40.0,Moderate Risk,Increase monitoring of household credit stress indicators
2013-04-01,Canada,13.83,6.81,1042016.0,1551472.0,70240.0,6.28,3.56,39776.0,84364.0,7.54,3.25,36380.0,32484.0,2.91,76156.0,154604.0,76156.0,157.5,20.69,165.16,21.7,167.23,96.55,21.97,18.01,0.83,1.5,1.06,4.821303546567313,0.03999999999999204,-0.1899999999999995,-0.030000000000000027,45,45,20.0,45.0,40.0,Moderate Risk,Increase monitoring of household credit stress indicators
2013-07-01,Canada,13.87,6.85,1048424.0,1565760.0,71400.0,6.34,3.6,40568.0,84752.0,7.53,3.25,36536.0,32548.0,2.89,77104.0,156152.0,77104.0,158.1,20.67,165.78,21.68,167.87,96.57,21.95,18.0,0.86,1.52,1.08,4.117740525939451,0.2400000000000091,-0.11000000000000121,-0.030000000000000027,45,45,20.0,45.0,40.0,Moderate Risk,Increase monitoring of household credit stress indicators
2013-10-01,Canada,13.83,6.78,1060496.0,1583824.0,72112.0,6.34,3.57,40632.0,85240.0,7.49,3.21,36468.0,32468.0,2.85,77100.0,157352.0,77100.0,157.88,20.26,165.42,21.23,167.59,96.18,21.51,17.7,0.86,1.5,1.08,4.532210433349504,0.2400000000000091,-0.14000000000000057,-0.010000000000000009,45,45,20.0,45.0,40.0,Moderate Risk,Increase monitoring of household credit stress indicators
2014-01-01,Canada,13.84,6.73,1067684.0,1594888.0,73220.0,6.4,3.59,41124.0,85232.0,7.45,3.13,35864.0,31824.0,2.78,76988.0,158452.0,76988.0,157.38,19.73,165.03,20.69,167.29,95.4,20.97,17.34,0.86,1.49,1.07,3.034432177873847,0.8100000000000023,0.07000000000000028,-0.030000000000000027,45,45,20.0,45.0,40.0,Moderate Risk,Increase monitoring of household credit stress indicators
2014-04-01,Canada,13.88,6.69,1073324.0,1607092.0,73640.0,6.4,3.57,41032.0,86064.0,7.48,3.12,35940.0,31904.0,2.77,76972.0,159704.0,76972.0,158.41,19.55,165.96,20.48,168.23,95.42,20.76,17.19,0.82,1.44,1.02,3.0045603906273977,1.0,0.05000000000000071,-0.040000000000000036,45,45,20.0,45.0,40.0,Moderate Risk,Increase monitoring of household credit stress indicators
2014-07-01,Canada,13.91,6.63,1091132.0,1625304.0,74656.0,6.39,3.53,41256.0,87852.0,7.52,3.1,36260.0,32176.0,2.75,77516.0,162508.0,77516.0,159.75,19.67,167.4,20.61,169.71,95.88,20.89,17.28,0.84,1.46,1.04,4.073542765140825,1.8400000000000034,0.040000000000000924,-0.040000000000000036,45,45,20.0,45.0,40.0,Moderate Risk,Increase monitoring of household credit stress indicators
2014-10-01,Canada,14.1,6.67,1094480.0,1638136.0,75484.0,6.44,3.54,41464.0,89816.0,7.66,3.14,36788.0,32652.0,2.78,78252.0,165300.0,78252.0,159.76,19.59,167.46,20.53,169.69,95.96,20.8,17.22,0.83,1.47,1.04,3.204538253798228,2.0999999999999943,0.2699999999999996,-0.040000000000000036,65,45,20.0,45.0,47.0,Moderate Risk,Increase monitoring of household credit stress indicators
2015-01-01,Canada,13.98,6.54,1117748.0,1665948.0,76196.0,6.37,3.46,41424.0,90980.0,7.61,3.08,36784.0,32492.0,2.72,78208.0,167176.0,78208.0,158.94,19.08,166.68,20.01,168.93,96.26,20.28,16.86,0.81,1.48,1.04,4.68902783969789,1.6400000000000148,0.14000000000000057,-0.030000000000000027,45,45,20.0,45.0,40.0,Moderate Risk,Increase monitoring of household credit stress indicators
2015-04-01,Canada,13.9,6.38,1127520.0,1685208.0,76452.0,6.35,3.31,39888.0,90924.0,7.55,3.06,36888.0,32332.0,2.68,76780.0,167376.0,76780.0,160.1,19.34,168.25,20.33,170.42,98.19,20.59,17.07,0.75,1.42,0.97,5.049360677670478,2.1899999999999977,0.019999999999999574,-0.050000000000000044,45,45,20.0,20.0,36.25,Low Risk,Continue standard monitoring
2015-07-01,Canada,13.81,6.37,1136328.0,1697072.0,77368.0,6.38,3.28,39860.0,90232.0,7.44,3.08,37388.0,33508.0,2.76,77248.0,167600.0,77248.0,161.48,19.76,169.56,20.75,171.7,100.08,21.01,17.37,0.76,1.46,0.99,4.1421202934200485,1.9899999999999807,-0.09999999999999964,-0.050000000000000044,45,45,20.0,45.0,40.0,Moderate Risk,Increase monitoring of household credit stress indicators
2015-10-01,Canada,13.81,6.34,1137924.0,1708408.0,78380.0,6.45,3.28,39804.0,89440.0,7.36,3.07,37272.0,32808.0,2.7,77076.0,167820.0,77076.0,162.03,19.51,170.09,20.48,172.23,101.51,20.74,17.17,0.74,1.45,0.97,3.9693735838023603,2.539999999999992,-0.28999999999999915,-0.07000000000000006,45,45,20.0,45.0,40.0,Moderate Risk,Increase monitoring of household credit stress indicators
2016-01-01,Canada,14.17,6.52,1107644.0,1683472.0,78500.0,6.63,3.31,39216.0,89452.0,7.55,3.21,38044.0,33592.0,2.83,77260.0,167952.0,77260.0,163.6,19.38,171.99,20.37,174.2,102.1,20.63,17.1,0.73,1.49,0.97,-0.9039604633602538,5.269999999999982,0.1899999999999995,-0.07000000000000006,65,45,20.0,85.0,53.0,Moderate Risk,Increase monitoring of household credit stress indicators
2016-04-01,Canada,14.18,6.54,1128120.0,1696164.0,80896.0,6.7,3.34,40352.0,90260.0,7.48,3.19,38564.0,33976.0,2.81,78916.0,171156.0,78916.0,167.22,19.24,175.68,20.21,177.9,103.98,20.47,16.99,0.7,1.44,0.94,0.0532141336738956,7.480000000000018,0.27999999999999936,-0.030000000000000027,65,65,20.0,65.0,56.0,Moderate Risk,Increase monitoring of household credit stress indicators
2016-07-01,Canada,14.15,6.42,1141024.0,1709168.0,81860.0,6.71,3.32,40512.0,90616.0,7.43,3.09,37716.0,33252.0,2.73,78228.0,172476.0,78228.0,169.68,19.05,178.07,20.0,180.29,105.16,20.25,16.84,0.71,1.44,0.94,0.4132609598636927,8.590000000000003,0.33999999999999986,-0.050000000000000044,65,65,20.0,65.0,56.0,Moderate Risk,Increase monitoring of household credit stress indicators
2016-10-01,Canada,14.12,6.41,1154244.0,1728392.0,82688.0,6.7,3.27,40348.0,91440.0,7.41,3.14,38700.0,34148.0,2.77,79048.0,174128.0,79048.0,170.71,19.01,179.23,19.96,181.45,105.34,20.21,16.81,0.71,1.47,0.95,1.4341906840878549,9.219999999999999,0.3099999999999987,-0.020000000000000018,65,65,20.0,65.0,56.0,Moderate Risk,Increase monitoring of household credit stress indicators
2017-01-01,Canada,14.31,6.46,1158008.0,1739208.0,83848.0,6.77,3.28,40548.0,93288.0,7.54,3.18,39412.0,34488.0,2.79,79960.0,177136.0,79960.0,170.27,18.43,179.03,19.38,181.25,105.08,19.62,16.4,0.69,1.49,0.94,4.546948297467424,7.050000000000011,0.14000000000000057,-0.030000000000000027,65,65,20.0,45.0,53.0,Moderate Risk,Increase monitoring of household credit stress indicators
2017-04-01,Canada,14.3,6.44,1179116.0,1765116.0,84988.0,6.74,3.26,41060.0,95196.0,7.55,3.18,40048.0,35072.0,2.78,81108.0,180184.0,81108.0,171.71,18.74,180.4,19.69,182.62,105.27,19.93,16.62,0.67,1.44,0.91,4.5204410878275425,4.719999999999999,0.120000000000001,-0.029999999999999916,65,65,20.0,45.0,53.0,Moderate Risk,Increase monitoring of household credit stress indicators
2017-07-01,Canada,14.25,6.43,1203920.0,1796740.0,86228.0,6.7,3.25,41848.0,97056.0,7.54,3.18,40884.0,35708.0,2.78,82732.0,183284.0,82732.0,171.86,18.94,180.5,19.9,182.76,105.27,20.14,16.77,0.7,1.5,0.95,5.512241635583481,2.469999999999999,0.09999999999999964,0.010000000000000009,65,65,45.0,20.0,54.25,Moderate Risk,Increase monitoring of household credit stress indicators
2017-10-01,Canada,14.38,6.57,1216424.0,1818752.0,88332.0,6.78,3.36,43772.0,98864.0,7.59,3.21,41828.0,36628.0,2.81,85600.0,187196.0,85600.0,171.34,18.82,179.87,19.75,182.14,104.92,20.0,16.67,0.73,1.54,0.98,5.387075869573499,0.6899999999999977,0.26000000000000156,0.030000000000000027,65,65,45.0,20.0,54.25,Moderate Risk,Increase monitoring of household credit stress indicators
2018-01-01,Canada,14.64,6.79,1215708.0,1831352.0,90380.0,6.93,3.49,45472.0,100584.0,7.71,3.3,43036.0,36952.0,2.83,88508.0,190964.0,88508.0,170.16,18.6,178.96,19.56,181.22,104.33,19.81,16.53,0.74,1.58,1.0,4.982694420073086,-0.030000000000001137,0.33000000000000007,0.06000000000000005,65,65,45.0,45.0,58.0,Moderate Risk,Increase monitoring of household credit stress indicators
2018-04-01,Canada,14.85,6.99,1216444.0,1841832.0,92088.0,7.04,3.58,46836.0,102156.0,7.81,3.41,44580.0,38388.0,2.94,91416.0,194244.0,91416.0,171.06,18.77,180.04,19.75,182.29,104.48,20.0,16.67,0.74,1.56,0.99,3.1657614687613522,-0.3300000000000125,0.5499999999999989,0.07999999999999996,65,65,45.0,45.0,58.0,Moderate Risk,Increase monitoring of household credit stress indicators
2018-07-01,Canada,14.97,7.17,1222984.0,1859040.0,93492.0,7.1,3.66,48168.0,103764.0,7.88,3.51,46296.0,39876.0,3.03,94464.0,197256.0,94464.0,172.53,18.96,181.58,19.95,183.79,104.37,20.2,16.8,0.77,1.65,1.04,1.5834939198617892,1.0300000000000011,0.7200000000000006,0.09000000000000008,65,65,45.0,65.0,61.0,Elevated Risk,Review vulnerable borrower segments and stress-test portfolios
2018-10-01,Canada,14.94,7.28,1244536.0,1884836.0,95260.0,7.1,3.72,49944.0,105280.0,7.84,3.56,47732.0,40696.0,3.03,97676.0,200540.0,97676.0,173.0,19.37,182.09,20.39,184.33,104.56,20.64,17.11,0.79,1.7,1.07,2.311036283401191,2.190000000000026,0.5599999999999987,0.09000000000000008,65,65,45.0,45.0,58.0,Moderate Risk,Increase monitoring of household credit stress indicators
2019-01-01,Canada,15.11,7.47,1251160.0,1900724.0,97752.0,7.23,3.86,52244.0,106572.0,7.88,3.61,48768.0,42040.0,3.11,101012.0,204324.0,101012.0,172.04,18.83,181.04,19.81,183.28,103.97,20.06,16.71,0.81,1.74,1.1,2.9161607886104335,2.0600000000000023,0.46999999999999886,0.10000000000000009,85,65,45.0,45.0,65.0,Elevated Risk,Review vulnerable borrower segments and stress-test portfolios
2019-04-01,Canada,15.03,7.4,1274800.0,1932380.0,99100.0,7.2,3.89,53524.0,107832.0,7.83,3.51,48368.0,41388.0,3.01,101892.0,206932.0,101892.0,172.33,18.68,181.41,19.66,183.64,104.57,19.9,16.6,0.81,1.66,1.07,4.797261526219043,1.3499999999999943,0.17999999999999972,0.08000000000000007,85,65,45.0,45.0,65.0,Elevated Risk,Review vulnerable borrower segments and stress-test portfolios
2019-07-01,Canada,15.06,7.47,1287348.0,1949412.0,100836.0,7.25,3.93,54632.0,108744.0,7.82,3.55,49348.0,42220.0,3.03,103980.0,209580.0,103980.0,172.38,18.65,181.41,19.63,183.63,105.2,19.87,16.57,0.83,1.72,1.1,5.2628652541652166,-0.1599999999999966,0.08999999999999986,0.06000000000000005,85,65,45.0,20.0,61.25,Elevated Risk,Review vulnerable borrower segments and stress-test portfolios
2019-10-01,Canada,14.95,7.36,1308140.0,1978644.0,101572.0,7.19,3.88,54828.0,109556.0,7.76,3.48,49172.0,41992.0,2.97,104000.0,211128.0,104000.0,171.54,18.46,180.54,19.43,182.79,104.91,19.67,16.44,0.82,1.72,1.09,5.110659715749488,-1.5400000000000205,0.009999999999999787,0.020000000000000018,65,65,45.0,20.0,54.25,Moderate Risk,Increase monitoring of household credit stress indicators
2020-01-01,Canada,14.64,7.22,1323752.0,1992724.0,101360.0,7.1,3.76,53580.0,107492.0,7.53,3.46,49380.0,42368.0,2.97,102960.0,208852.0,102960.0,169.93,19.0,178.78,19.99,181.0,104.86,20.24,16.83,0.79,1.75,1.08,5.8019757664887095,-2.280000000000001,-0.46999999999999886,-0.020000000000000018,65,65,20.0,20.0,49.25,Moderate Risk,Increase monitoring of household credit stress indicators
2020-04-01,Canada,12.56,6.28,1452184.0,2084016.0,95576.0,6.17,3.41,52876.0,99016.0,6.39,2.87,44408.0,38420.0,2.48,97284.0,194592.0,97284.0,165.84,18.08,174.69,19.04,176.83,109.07,19.28,16.16,0.75,1.55,0.98,13.914653278945721,-6.809999999999974,-2.469999999999999,-0.09000000000000008,20,65,20.0,20.0,33.5,Low Risk,Continue standard monitoring
2020-07-01,Canada,13.47,6.35,1393800.0,2055404.0,100532.0,6.75,3.5,52092.0,99936.0,6.71,2.85,42384.0,36528.0,2.45,94476.0,200468.0,94476.0,165.75,17.72,174.41,18.65,176.55,111.85,18.88,15.88,0.74,1.52,0.96,8.269092739492345,-7.079999999999984,-1.5899999999999999,-0.14000000000000012,45,65,20.0,20.0,42.25,Moderate Risk,Increase monitoring of household credit stress indicators
2020-10-01,Canada,13.94,6.3,1380908.0,2047048.0,103548.0,7.03,3.47,51176.0,101852.0,6.91,2.83,41740.0,36000.0,2.44,92916.0,205400.0,92916.0,166.06,16.97,174.72,17.85,176.85,113.62,18.07,15.31,0.72,1.53,0.95,5.562707355481833,-5.939999999999998,-1.0099999999999998,-0.14000000000000012,45,65,20.0,20.0,42.25,Moderate Risk,Increase monitoring of household credit stress indicators
2021-01-01,Canada,13.57,6.04,1432508.0,2111408.0,105444.0,6.92,3.37,51388.0,101496.0,6.66,2.67,40680.0,34820.0,2.28,92068.0,206940.0,92068.0,163.54,16.05,171.96,16.88,174.11,112.65,17.09,14.6,0.7,1.49,0.91,8.215738295390684,-6.889999999999986,-1.0700000000000003,-0.17000000000000004,45,45,20.0,20.0,36.25,Low Risk,Continue standard monitoring
2021-04-01,Canada,13.72,6.11,1427532.0,2132444.0,107380.0,7.06,3.41,51820.0,101176.0,6.65,2.7,41076.0,35236.0,2.32,92896.0,208556.0,92896.0,168.98,16.09,177.64,16.92,179.82,109.95,17.12,14.62,0.67,1.46,0.88,-1.6975810227904953,2.9899999999999807,1.1600000000000001,-0.09999999999999998,45,65,20.0,85.0,52.0,Moderate Risk,Increase monitoring of household credit stress indicators
2021-07-01,Canada,13.68,5.93,1438212.0,2159356.0,107968.0,7.06,3.26,49824.0,101216.0,6.62,2.67,40836.0,34960.0,2.29,90660.0,209184.0,90660.0,171.63,16.0,180.27,16.81,182.48,108.66,17.01,14.54,0.65,1.48,0.87,3.186396900559618,5.929999999999978,0.20999999999999908,-0.08999999999999997,45,65,20.0,45.0,46.0,Moderate Risk,Increase monitoring of household credit stress indicators
2021-10-01,Canada,13.9,5.99,1426848.0,2159040.0,109276.0,7.2,3.24,49168.0,101660.0,6.7,2.75,41752.0,35680.0,2.35,90920.0,210936.0,90920.0,173.55,15.4,182.23,16.17,184.45,107.2,16.37,14.06,0.63,1.52,0.86,3.3267965715311876,7.599999999999994,-0.03999999999999915,-0.08999999999999997,45,65,20.0,45.0,46.0,Moderate Risk,Increase monitoring of household credit stress indicators
2022-01-01,Canada,13.81,5.92,1465024.0,2212180.0,111832.0,7.18,3.25,50592.0,103208.0,6.63,2.67,41572.0,35756.0,2.3,92164.0,215040.0,92164.0,175.46,15.5,184.09,16.26,186.4,105.37,16.47,14.14,0.62,1.48,0.84,2.269865159566309,12.289999999999992,0.2400000000000002,-0.07000000000000006,45,85,20.0,45.0,52.0,Moderate Risk,Increase monitoring of household credit stress indicators
2022-04-01,Canada,14.0,6.37,1489856.0,2243516.0,116560.0,7.33,3.53,56156.0,106276.0,6.68,2.84,45136.0,38628.0,2.43,101292.0,222836.0,101292.0,178.57,17.08,187.29,17.92,189.65,104.35,18.14,15.36,0.66,1.54,0.88,4.365856597260165,9.830000000000013,0.27999999999999936,0.0,65,85,45.0,45.0,64.0,Elevated Risk,Review vulnerable borrower segments and stress-test portfolios
2022-07-01,Canada,14.43,7.17,1503576.0,2283684.0,123732.0,7.64,4.05,65616.0,110064.0,6.8,3.12,50572.0,42648.0,2.63,116188.0,233796.0,116188.0,179.05,17.75,187.67,18.61,190.07,102.43,18.84,15.86,0.78,1.75,1.03,4.5448098055085095,7.590000000000003,0.75,0.16000000000000003,65,85,45.0,45.0,64.0,Elevated Risk,Review vulnerable borrower segments and stress-test portfolios
2022-10-01,Canada,14.62,7.88,1550904.0,2350548.0,131960.0,7.84,4.57,76940.0,114216.0,6.78,3.31,55796.0,46692.0,2.77,132736.0,246176.0,132736.0,176.59,17.69,185.16,18.55,187.55,101.04,18.79,15.81,0.92,1.95,1.18,8.694408934939112,3.1000000000000227,0.7199999999999989,0.31999999999999995,65,85,65.0,20.0,64.25,Elevated Risk,Review vulnerable borrower segments and stress-test portfolios
2023-01-01,Canada,15.17,8.81,1543368.0,2377524.0,139240.0,8.23,5.16,87316.0,117560.0,6.95,3.66,61868.0,51840.0,3.06,149184.0,256800.0,149184.0,174.96,16.94,183.33,17.75,185.71,99.95,17.99,15.24,1.02,2.12,1.3,5.3476257044253295,-0.6899999999999977,1.3599999999999994,0.4600000000000001,85,85,65.0,20.0,71.25,Elevated Risk,Review vulnerable borrower segments and stress-test portfolios
2023-04-01,Canada,15.14,8.95,1578468.0,2432016.0,142452.0,8.22,5.3,91920.0,119980.0,6.92,3.64,63184.0,52776.0,3.04,155104.0,262432.0,155104.0,174.95,16.9,183.33,17.71,185.69,101.08,17.93,15.21,1.05,2.11,1.32,5.947688904162551,-3.960000000000008,1.1400000000000006,0.44000000000000006,85,85,65.0,20.0,71.25,Elevated Risk,Review vulnerable borrower segments and stress-test portfolios
2023-07-01,Canada,15.09,9.06,1620528.0,2489512.0,146012.0,8.19,5.35,95336.0,122844.0,6.89,3.71,66196.0,55288.0,3.1,161532.0,268856.0,161532.0,173.77,17.45,182.07,18.28,184.41,101.46,18.52,15.62,1.1,2.24,1.39,7.778256636179348,-5.659999999999997,0.6600000000000001,0.3599999999999999,85,65,65.0,20.0,65.25,Elevated Risk,Review vulnerable borrower segments and stress-test portfolios
2023-10-01,Canada,15.13,9.16,1641912.0,2527940.0,148288.0,8.2,5.41,97740.0,125180.0,6.93,3.76,67880.0,56572.0,3.13,165620.0,273468.0,165620.0,172.44,17.32,180.66,18.15,182.98,101.11,18.38,15.52,1.12,2.28,1.42,5.868061466086871,-4.570000000000022,0.5100000000000016,0.24,85,65,45.0,20.0,61.25,Elevated Risk,Review vulnerable borrower segments and stress-test portfolios
2024-01-01,Canada,15.1,9.35,1658352.0,2564292.0,149396.0,8.17,5.5,100640.0,126936.0,6.94,3.85,70448.0,58744.0,3.21,171088.0,276332.0,171088.0,169.68,16.69,177.82,17.49,180.08,100.15,17.71,15.04,1.14,2.33,1.44,7.450199822725367,-5.6299999999999955,-0.07000000000000028,0.1399999999999999,85,65,45.0,20.0,61.25,Elevated Risk,Review vulnerable borrower segments and stress-test portfolios
2024-04-01,Canada,15.09,9.4,1702296.0,2627908.0,154184.0,8.21,5.57,104572.0,129268.0,6.88,3.84,72132.0,60548.0,3.22,176704.0,283452.0,176704.0,168.67,16.81,176.84,17.62,179.1,100.35,17.85,15.14,1.15,2.33,1.45,7.844821687864445,-6.590000000000003,-0.05000000000000071,0.1299999999999999,85,65,45.0,20.0,61.25,Elevated Risk,Review vulnerable borrower segments and stress-test portfolios
2024-07-01,Canada,14.77,9.05,1748196.0,2680604.0,153672.0,7.99,5.35,102812.0,130300.0,6.78,3.7,71152.0,59688.0,3.11,173964.0,283972.0,173964.0,167.8,16.78,175.97,17.59,178.19,100.74,17.82,15.12,1.14,2.31,1.44,7.8781730398981065,-6.219999999999999,-0.3200000000000003,0.050000000000000044,65,65,45.0,20.0,54.25,Moderate Risk,Increase monitoring of household credit stress indicators
2024-10-01,Canada,14.67,8.8,1765468.0,2708228.0,152772.0,7.89,5.21,100780.0,131224.0,6.78,3.6,69664.0,58424.0,3.02,170444.0,283996.0,170444.0,166.79,16.77,174.98,17.59,177.2,100.72,17.82,15.12,1.1,2.22,1.39,7.525129239569472,-5.780000000000001,-0.46000000000000085,-0.030000000000000027,65,65,20.0,20.0,49.25,Moderate Risk,Increase monitoring of household credit stress indicators
2025-01-01,Canada,14.66,8.7,1780588.0,2724352.0,153412.0,7.87,5.18,100948.0,132536.0,6.8,3.52,68720.0,57580.0,2.95,169668.0,285948.0,169668.0,164.71,16.67,172.7,17.48,174.9,99.62,17.7,15.04,1.09,2.17,1.36,7.370932106090855,-5.180000000000007,-0.4399999999999995,-0.07999999999999985,65,45,20.0,20.0,43.25,Moderate Risk,Increase monitoring of household credit stress indicators
2025-04-01,Canada,14.7,8.7,1788440.0,2733832.0,154352.0,7.88,5.17,101248.0,133648.0,6.82,3.53,69164.0,58436.0,2.98,170412.0,288000.0,170412.0,165.73,16.74,173.69,17.54,175.87,100.28,17.76,15.08,1.07,2.14,1.34,5.060459520553406,-3.2299999999999898,-0.39000000000000057,-0.10999999999999988,65,65,20.0,20.0,49.25,Moderate Risk,Increase monitoring of household credit stress indicators
2025-07-01,Canada,14.61,8.54,1807932.0,2766612.0,154324.0,7.81,5.08,100336.0,134412.0,6.8,3.47,68500.0,57796.0,2.92,168836.0,288736.0,168836.0,166.44,16.6,174.49,17.4,176.66,100.58,17.62,14.98,1.06,2.14,1.33,3.4170081615562564,-1.5300000000000011,-0.16000000000000014,-0.10999999999999988,65,65,20.0,45.0,53.0,Moderate Risk,Increase monitoring of household credit stress indicators
2025-10-01,Canada,14.57,8.46,1818456.0,2783776.0,154284.0,7.77,5.02,99772.0,135224.0,6.81,3.44,68312.0,57740.0,2.91,168084.0,289508.0,168084.0,166.63,16.56,174.67,17.36,176.85,100.78,17.58,14.95,1.04,2.11,1.31,3.001357147226691,-0.3499999999999943,-0.09999999999999964,-0.07999999999999985,65,65,20.0,45.0,53.0,Moderate Risk,Increase monitoring of household credit stress indicators
