date,geography,debt_service_ratio,mortgage_debt_service_ratio,non_mortgage_debt_service_ratio,debt_to_disposable_income,credit_market_debt_to_disposable_income,consumer_credit_mortgage_liabilities_to_income,effective_interest_cost_total_loans,disposable_income,disposable_income_growth_yoy,interest_cost_change_yoy,consumer_insolvencies,insolvency_growth_yoy,debt_to_income_change_yoy,debt_service_ratio_change_yoy,dsr_score,debt_income_score,insolvency_score,interest_pressure_score,income_pressure_score,risk_score,risk_category,suggested_action,year,quarter,quarter_label,risk_traffic_light,risk_narrative
1990-01-01,Canada,12.19,6.46,5.73,87.97,86.11,78.86,3.3,403280.0,,,8958.0,31.06,,,20,20,85,,,,Insufficient Data,Data review required,1990,1990Q1,Q1 1990,Grey,"In Q1 1990, Canada household credit risk was classified as Insufficient Data with a risk score of nan. The debt service ratio was 12.19%, debt-to-disposable-income was 87.97%, and consumer insolvency growth was 31.06% YoY."
1990-04-01,Canada,12.68,6.69,5.99,90.04,87.86,80.66,3.29,392652.0,,,9663.0,34.9,,,20,20,85,,,,Insufficient Data,Data review required,1990,1990Q2,Q2 1990,Grey,"In Q2 1990, Canada household credit risk was classified as Insufficient Data with a risk score of nan. The debt service ratio was 12.68%, debt-to-disposable-income was 90.04%, and consumer insolvency growth was 34.9% YoY."
1990-07-01,Canada,12.47,6.62,5.85,90.33,88.01,80.89,3.39,404988.0,,,10918.0,49.48,,,20,20,85,,,,Insufficient Data,Data review required,1990,1990Q3,Q3 1990,Grey,"In Q3 1990, Canada household credit risk was classified as Insufficient Data with a risk score of nan. The debt service ratio was 12.47%, debt-to-disposable-income was 90.33%, and consumer insolvency growth was 49.48% YoY."
1990-10-01,Canada,12.29,6.64,5.66,90.52,88.29,81.24,3.41,412232.0,,,13785.0,67.88,,,20,20,85,,,,Insufficient Data,Data review required,1990,1990Q4,Q4 1990,Grey,"In Q4 1990, Canada household credit risk was classified as Insufficient Data with a risk score of nan. The debt service ratio was 12.29%, debt-to-disposable-income was 90.52%, and consumer insolvency growth was 67.88% YoY."
1991-01-01,Canada,12.19,6.8,5.39,90.05,88.0,81.06,3.32,417232.0,3.46,0.02,15193.0,69.6,2.08,0.0,20,20,85,45.0,45.0,39.25,Low Risk,Continue standard monitoring,1991,1991Q1,Q1 1991,Green,"In Q1 1991, Canada household credit risk was classified as Low Risk with a risk score of 39.25. The debt service ratio was 12.19%, debt-to-disposable-income was 90.05%, and consumer insolvency growth was 69.6% YoY."
1991-04-01,Canada,12.13,6.95,5.18,91.18,88.75,81.69,3.18,412040.0,4.94,-0.11,15884.0,64.38,1.14,-0.55,20,20,85,20.0,45.0,35.5,Low Risk,Continue standard monitoring,1991,1991Q2,Q2 1991,Green,"In Q2 1991, Canada household credit risk was classified as Low Risk with a risk score of 35.5. The debt service ratio was 12.13%, debt-to-disposable-income was 91.18%, and consumer insolvency growth was 64.38% YoY."
1991-07-01,Canada,11.95,6.88,5.07,91.89,89.73,82.93,3.15,420200.0,3.76,-0.24,15503.0,41.99,1.56,-0.52,20,20,85,20.0,45.0,35.5,Low Risk,Continue standard monitoring,1991,1991Q3,Q3 1991,Green,"In Q3 1991, Canada household credit risk was classified as Low Risk with a risk score of 35.5. The debt service ratio was 11.95%, debt-to-disposable-income was 91.89%, and consumer insolvency growth was 41.99% YoY."
1991-10-01,Canada,11.83,6.9,4.92,91.93,90.27,83.51,3.09,424068.0,2.87,-0.32,16434.0,19.22,1.41,-0.46,20,20,85,20.0,45.0,35.5,Low Risk,Continue standard monitoring,1991,1991Q4,Q4 1991,Green,"In Q4 1991, Canada household credit risk was classified as Low Risk with a risk score of 35.5. The debt service ratio was 11.83%, debt-to-disposable-income was 91.93%, and consumer insolvency growth was 19.22% YoY."
1992-01-01,Canada,11.79,6.91,4.88,91.72,90.07,83.25,2.94,419928.0,0.65,-0.38,16906.0,11.27,1.67,-0.4,20,20,65,20.0,65.0,33.5,Low Risk,Continue standard monitoring,1992,1992Q1,Q1 1992,Green,"In Q1 1992, Canada household credit risk was classified as Low Risk with a risk score of 33.5. The debt service ratio was 11.79%, debt-to-disposable-income was 91.72%, and consumer insolvency growth was 11.27% YoY."
1992-04-01,Canada,11.57,6.84,4.73,92.52,90.74,84.06,2.84,428816.0,4.07,-0.34,15920.0,0.23,1.34,-0.56,20,20,45,20.0,45.0,27.5,Low Risk,Continue standard monitoring,1992,1992Q2,Q2 1992,Green,"In Q2 1992, Canada household credit risk was classified as Low Risk with a risk score of 27.5. The debt service ratio was 11.57%, debt-to-disposable-income was 92.52%, and consumer insolvency growth was 0.23% YoY."
1992-07-01,Canada,11.2,6.7,4.5,92.72,91.11,84.51,2.81,442316.0,5.26,-0.34,14867.0,-4.1,0.83,-0.75,20,20,20,20.0,20.0,20.0,Low Risk,Continue standard monitoring,1992,1992Q3,Q3 1992,Green,"In Q3 1992, Canada household credit risk was classified as Low Risk with a risk score of 20.0. The debt service ratio was 11.2%, debt-to-disposable-income was 92.72%, and consumer insolvency growth was -4.1% YoY."
1992-10-01,Canada,11.57,6.79,4.78,93.66,92.0,85.41,2.81,435524.0,2.7,-0.28,14950.0,-9.03,1.73,-0.26,20,20,20,20.0,45.0,22.5,Low Risk,Continue standard monitoring,1992,1992Q4,Q4 1992,Green,"In Q4 1992, Canada household credit risk was classified as Low Risk with a risk score of 22.5. The debt service ratio was 11.57%, debt-to-disposable-income was 93.66%, and consumer insolvency growth was -9.03% YoY."
1993-01-01,Canada,11.22,6.62,4.6,92.94,91.45,84.93,2.59,439276.0,4.61,-0.35,14963.0,-11.49,1.22,-0.57,20,20,20,20.0,45.0,22.5,Low Risk,Continue standard monitoring,1993,1993Q1,Q1 1993,Green,"In Q1 1993, Canada household credit risk was classified as Low Risk with a risk score of 22.5. The debt service ratio was 11.22%, debt-to-disposable-income was 92.94%, and consumer insolvency growth was -11.49% YoY."
1993-04-01,Canada,10.69,6.35,4.34,93.84,91.93,85.5,2.49,458584.0,6.94,-0.35,14360.0,-9.8,1.32,-0.88,20,20,20,20.0,20.0,20.0,Low Risk,Continue standard monitoring,1993,1993Q2,Q2 1993,Green,"In Q2 1993, Canada household credit risk was classified as Low Risk with a risk score of 20.0. The debt service ratio was 10.69%, debt-to-disposable-income was 93.84%, and consumer insolvency growth was -9.8% YoY."
1993-07-01,Canada,10.99,6.45,4.54,94.77,92.87,86.47,2.45,444704.0,0.54,-0.36,13375.0,-10.04,2.05,-0.21,20,20,20,20.0,65.0,24.5,Low Risk,Continue standard monitoring,1993,1993Q3,Q3 1993,Green,"In Q3 1993, Canada household credit risk was classified as Low Risk with a risk score of 24.5. The debt service ratio was 10.99%, debt-to-disposable-income was 94.77%, and consumer insolvency growth was -10.04% YoY."
1993-10-01,Canada,11.12,6.46,4.66,95.26,93.62,87.09,2.43,442096.0,1.51,-0.38,13920.0,-6.89,1.6,-0.45,20,20,20,20.0,65.0,24.5,Low Risk,Continue standard monitoring,1993,1993Q4,Q4 1993,Green,"In Q4 1993, Canada household credit risk was classified as Low Risk with a risk score of 24.5. The debt service ratio was 11.12%, debt-to-disposable-income was 95.26%, and consumer insolvency growth was -6.89% YoY."
1994-01-01,Canada,11.12,6.47,4.65,95.39,93.81,86.98,2.36,450008.0,2.44,-0.23,14040.0,-6.17,2.45,-0.1,20,20,20,20.0,45.0,22.5,Low Risk,Continue standard monitoring,1994,1994Q1,Q1 1994,Green,"In Q1 1994, Canada household credit risk was classified as Low Risk with a risk score of 22.5. The debt service ratio was 11.12%, debt-to-disposable-income was 95.39%, and consumer insolvency growth was -6.17% YoY."
1994-04-01,Canada,11.11,6.31,4.8,96.59,94.88,88.16,2.33,454520.0,-0.89,-0.16,14129.0,-1.61,2.75,0.42,20,20,20,20.0,85.0,26.5,Low Risk,Continue standard monitoring,1994,1994Q2,Q2 1994,Green,"In Q2 1994, Canada household credit risk was classified as Low Risk with a risk score of 26.5. The debt service ratio was 11.11%, debt-to-disposable-income was 96.59%, and consumer insolvency growth was -1.61% YoY."
1994-07-01,Canada,11.37,6.4,4.97,97.77,96.02,89.49,2.4,454144.0,2.12,-0.05,13831.0,3.41,3.0,0.38,20,20,45,20.0,45.0,27.5,Low Risk,Continue standard monitoring,1994,1994Q3,Q3 1994,Green,"In Q3 1994, Canada household credit risk was classified as Low Risk with a risk score of 27.5. The debt service ratio was 11.37%, debt-to-disposable-income was 97.77%, and consumer insolvency growth was 3.41% YoY."
1994-10-01,Canada,11.46,6.42,5.04,98.44,96.97,90.35,2.42,459636.0,3.97,-0.01,13838.0,-0.59,3.18,0.34,20,20,20,20.0,45.0,22.5,Low Risk,Continue standard monitoring,1994,1994Q4,Q4 1994,Green,"In Q4 1994, Canada household credit risk was classified as Low Risk with a risk score of 22.5. The debt service ratio was 11.46%, debt-to-disposable-income was 98.44%, and consumer insolvency growth was -0.59% YoY."
1995-01-01,Canada,11.94,6.59,5.36,98.15,96.94,90.12,2.48,461916.0,2.65,0.12,15649.0,11.46,2.76,0.82,20,20,65,45.0,45.0,35.25,Low Risk,Continue standard monitoring,1995,1995Q1,Q1 1995,Green,"In Q1 1995, Canada household credit risk was classified as Low Risk with a risk score of 35.25. The debt service ratio was 11.94%, debt-to-disposable-income was 98.15%, and consumer insolvency growth was 11.46% YoY."
1995-04-01,Canada,11.88,6.51,5.37,98.8,97.56,90.73,2.51,465884.0,2.5,0.18,16886.0,19.51,2.21,0.77,20,20,85,45.0,45.0,39.25,Low Risk,Continue standard monitoring,1995,1995Q2,Q2 1995,Green,"In Q2 1995, Canada household credit risk was classified as Low Risk with a risk score of 39.25. The debt service ratio was 11.88%, debt-to-disposable-income was 98.8%, and consumer insolvency growth was 19.51% YoY."
1995-07-01,Canada,11.91,6.54,5.37,99.96,98.68,91.85,2.49,465836.0,2.57,0.09,17351.0,25.45,2.19,0.54,20,20,85,45.0,45.0,39.25,Low Risk,Continue standard monitoring,1995,1995Q3,Q3 1995,Green,"In Q3 1995, Canada household credit risk was classified as Low Risk with a risk score of 39.25. The debt service ratio was 11.91%, debt-to-disposable-income was 99.96%, and consumer insolvency growth was 25.45% YoY."
1995-10-01,Canada,11.9,6.49,5.42,100.19,98.94,92.06,2.47,469072.0,2.05,0.05,18272.0,32.04,1.75,0.44,20,20,85,45.0,45.0,39.25,Low Risk,Continue standard monitoring,1995,1995Q4,Q4 1995,Green,"In Q4 1995, Canada household credit risk was classified as Low Risk with a risk score of 39.25. The debt service ratio was 11.9%, debt-to-disposable-income was 100.19%, and consumer insolvency growth was 32.04% YoY."
1996-01-01,Canada,11.9,6.45,5.45,100.28,99.15,92.04,2.4,472160.0,2.22,-0.08,20104.0,28.47,2.13,-0.04,20,20,85,20.0,45.0,35.5,Low Risk,Continue standard monitoring,1996,1996Q1,Q1 1996,Green,"In Q1 1996, Canada household credit risk was classified as Low Risk with a risk score of 35.5. The debt service ratio was 11.9%, debt-to-disposable-income was 100.28%, and consumer insolvency growth was 28.47% YoY."
1996-04-01,Canada,11.97,6.43,5.54,101.78,100.73,93.46,2.33,473700.0,1.68,-0.18,21036.0,24.58,2.98,0.09,20,20,85,20.0,65.0,37.5,Low Risk,Continue standard monitoring,1996,1996Q2,Q2 1996,Green,"In Q2 1996, Canada household credit risk was classified as Low Risk with a risk score of 37.5. The debt service ratio was 11.97%, debt-to-disposable-income was 101.78%, and consumer insolvency growth was 24.58% YoY."
1996-07-01,Canada,12.03,6.39,5.64,102.55,101.53,94.51,2.3,475332.0,2.04,-0.19,20171.0,16.25,2.59,0.12,20,20,85,20.0,45.0,35.5,Low Risk,Continue standard monitoring,1996,1996Q3,Q3 1996,Green,"In Q3 1996, Canada household credit risk was classified as Low Risk with a risk score of 35.5. The debt service ratio was 12.03%, debt-to-disposable-income was 102.55%, and consumer insolvency growth was 16.25% YoY."
1996-10-01,Canada,11.9,6.28,5.61,103.37,102.44,95.39,2.23,480920.0,2.53,-0.24,21925.0,19.99,3.18,0.0,20,20,85,20.0,45.0,35.5,Low Risk,Continue standard monitoring,1996,1996Q4,Q4 1996,Green,"In Q4 1996, Canada household credit risk was classified as Low Risk with a risk score of 35.5. The debt service ratio was 11.9%, debt-to-disposable-income was 103.37%, and consumer insolvency growth was 19.99% YoY."
1997-01-01,Canada,11.9,6.19,5.71,104.09,102.88,95.42,2.09,485296.0,2.78,-0.31,22300.0,10.92,3.81,0.0,20,20,65,20.0,45.0,31.5,Low Risk,Continue standard monitoring,1997,1997Q1,Q1 1997,Green,"In Q1 1997, Canada household credit risk was classified as Low Risk with a risk score of 31.5. The debt service ratio was 11.9%, debt-to-disposable-income was 104.09%, and consumer insolvency growth was 10.92% YoY."
1997-04-01,Canada,11.94,6.12,5.82,104.84,103.49,96.16,2.04,487336.0,2.88,-0.29,24570.0,16.8,3.06,-0.03,20,20,85,20.0,45.0,35.5,Low Risk,Continue standard monitoring,1997,1997Q2,Q2 1997,Green,"In Q2 1997, Canada household credit risk was classified as Low Risk with a risk score of 35.5. The debt service ratio was 11.94%, debt-to-disposable-income was 104.84%, and consumer insolvency growth was 16.8% YoY."
1997-07-01,Canada,11.78,5.95,5.83,106.14,104.84,97.8,2.02,501280.0,5.46,-0.28,22977.0,13.91,3.59,-0.25,20,20,65,20.0,20.0,29.0,Low Risk,Continue standard monitoring,1997,1997Q3,Q3 1997,Green,"In Q3 1997, Canada household credit risk was classified as Low Risk with a risk score of 29.0. The debt service ratio was 11.78%, debt-to-disposable-income was 106.14%, and consumer insolvency growth was 13.91% YoY."
1997-10-01,Canada,11.92,5.89,6.03,106.6,105.6,98.36,2.01,505812.0,5.18,-0.22,20530.0,-6.36,3.23,0.02,20,20,20,20.0,20.0,20.0,Low Risk,Continue standard monitoring,1997,1997Q4,Q4 1997,Green,"In Q4 1997, Canada household credit risk was classified as Low Risk with a risk score of 20.0. The debt service ratio was 11.92%, debt-to-disposable-income was 106.6%, and consumer insolvency growth was -6.36% YoY."
1998-01-01,Canada,12.22,5.94,6.28,107.66,106.09,98.35,2.01,508368.0,4.75,-0.08,20708.0,-7.14,3.57,0.32,20,20,20,20.0,45.0,22.5,Low Risk,Continue standard monitoring,1998,1998Q1,Q1 1998,Green,"In Q1 1998, Canada household credit risk was classified as Low Risk with a risk score of 22.5. The debt service ratio was 12.22%, debt-to-disposable-income was 107.66%, and consumer insolvency growth was -7.14% YoY."
1998-04-01,Canada,12.33,5.85,6.48,108.5,107.23,99.62,1.98,510620.0,4.78,-0.06,22949.0,-6.6,3.66,0.39,20,20,20,20.0,45.0,22.5,Low Risk,Continue standard monitoring,1998,1998Q2,Q2 1998,Green,"In Q2 1998, Canada household credit risk was classified as Low Risk with a risk score of 22.5. The debt service ratio was 12.33%, debt-to-disposable-income was 108.5%, and consumer insolvency growth was -6.6% YoY."
1998-07-01,Canada,12.38,5.85,6.53,109.85,108.2,100.72,2.02,523392.0,4.41,0.0,19367.0,-15.71,3.71,0.6,20,20,20,45.0,45.0,26.25,Low Risk,Continue standard monitoring,1998,1998Q3,Q3 1998,Green,"In Q3 1998, Canada household credit risk was classified as Low Risk with a risk score of 26.25. The debt service ratio was 12.38%, debt-to-disposable-income was 109.85%, and consumer insolvency growth was -15.71% YoY."
1998-10-01,Canada,12.33,5.78,6.55,109.81,108.69,101.28,2.02,531968.0,5.17,0.01,19832.0,-3.4,3.21,0.41,20,20,20,45.0,20.0,23.75,Low Risk,Continue standard monitoring,1998,1998Q4,Q4 1998,Green,"In Q4 1998, Canada household credit risk was classified as Low Risk with a risk score of 23.75. The debt service ratio was 12.33%, debt-to-disposable-income was 109.81%, and consumer insolvency growth was -3.4% YoY."
1999-01-01,Canada,12.26,5.59,6.68,109.71,108.12,100.73,1.96,534304.0,5.1,-0.05,20895.0,0.9,2.05,0.04,20,20,45,20.0,20.0,25.0,Low Risk,Continue standard monitoring,1999,1999Q1,Q1 1999,Green,"In Q1 1999, Canada household credit risk was classified as Low Risk with a risk score of 25.0. The debt service ratio was 12.26%, debt-to-disposable-income was 109.71%, and consumer insolvency growth was 0.9% YoY."
1999-04-01,Canada,12.05,5.45,6.6,110.38,108.58,101.31,1.88,543140.0,6.37,-0.1,21410.0,-6.71,1.88,-0.28,20,20,20,20.0,20.0,20.0,Low Risk,Continue standard monitoring,1999,1999Q2,Q2 1999,Green,"In Q2 1999, Canada household credit risk was classified as Low Risk with a risk score of 20.0. The debt service ratio was 12.05%, debt-to-disposable-income was 110.38%, and consumer insolvency growth was -6.71% YoY."
1999-07-01,Canada,12.04,5.43,6.61,110.49,108.72,101.73,1.88,550512.0,5.18,-0.14,20027.0,3.41,0.64,-0.34,20,20,45,20.0,20.0,25.0,Low Risk,Continue standard monitoring,1999,1999Q3,Q3 1999,Green,"In Q3 1999, Canada household credit risk was classified as Low Risk with a risk score of 25.0. The debt service ratio was 12.04%, debt-to-disposable-income was 110.49%, and consumer insolvency growth was 3.41% YoY."
1999-10-01,Canada,12.15,5.47,6.68,110.55,108.96,102.01,1.86,557084.0,4.72,-0.16,20924.0,5.51,0.74,-0.18,20,20,65,20.0,45.0,31.5,Low Risk,Continue standard monitoring,1999,1999Q4,Q4 1999,Green,"In Q4 1999, Canada household credit risk was classified as Low Risk with a risk score of 31.5. The debt service ratio was 12.15%, debt-to-disposable-income was 110.55%, and consumer insolvency growth was 5.51% YoY."
2000-01-01,Canada,12.21,5.5,6.71,110.76,109.24,102.0,1.92,563668.0,5.5,-0.04,22399.0,7.2,1.05,-0.05,20,20,65,20.0,20.0,29.0,Low Risk,Continue standard monitoring,2000,2000Q1,Q1 2000,Green,"In Q1 2000, Canada household credit risk was classified as Low Risk with a risk score of 29.0. The debt service ratio was 12.21%, debt-to-disposable-income was 110.76%, and consumer insolvency growth was 7.2% YoY."
2000-04-01,Canada,12.35,5.55,6.8,110.78,108.98,101.92,2.01,573208.0,5.54,0.13,22774.0,6.37,0.4,0.3,20,20,65,45.0,20.0,32.75,Low Risk,Continue standard monitoring,2000,2000Q2,Q2 2000,Green,"In Q2 2000, Canada household credit risk was classified as Low Risk with a risk score of 32.75. The debt service ratio was 12.35%, debt-to-disposable-income was 110.78%, and consumer insolvency growth was 6.37% YoY."
2000-07-01,Canada,12.32,5.48,6.84,111.1,109.26,102.37,2.03,586036.0,6.45,0.15,21541.0,7.56,0.61,0.28,20,20,65,45.0,20.0,32.75,Low Risk,Continue standard monitoring,2000,2000Q3,Q3 2000,Green,"In Q3 2000, Canada household credit risk was classified as Low Risk with a risk score of 32.75. The debt service ratio was 12.32%, debt-to-disposable-income was 111.1%, and consumer insolvency growth was 7.56% YoY."
2000-10-01,Canada,12.36,5.45,6.9,110.36,108.52,101.82,2.05,595804.0,6.95,0.19,21141.0,1.04,-0.19,0.21,20,20,45,45.0,20.0,28.75,Low Risk,Continue standard monitoring,2000,2000Q4,Q4 2000,Green,"In Q4 2000, Canada household credit risk was classified as Low Risk with a risk score of 28.75. The debt service ratio was 12.36%, debt-to-disposable-income was 110.36%, and consumer insolvency growth was 1.04% YoY."
2001-01-01,Canada,12.05,5.28,6.77,109.07,107.12,100.0,2.04,614560.0,9.03,0.12,22938.0,2.41,-1.69,-0.16,20,20,45,45.0,20.0,28.75,Low Risk,Continue standard monitoring,2001,2001Q1,Q1 2001,Green,"In Q1 2001, Canada household credit risk was classified as Low Risk with a risk score of 28.75. The debt service ratio was 12.05%, debt-to-disposable-income was 109.07%, and consumer insolvency growth was 2.41% YoY."
2001-04-01,Canada,12.28,5.39,6.88,110.11,108.0,101.06,1.97,602796.0,5.16,-0.04,24015.0,5.45,-0.67,-0.07,20,20,65,20.0,20.0,29.0,Low Risk,Continue standard monitoring,2001,2001Q2,Q2 2001,Green,"In Q2 2001, Canada household credit risk was classified as Low Risk with a risk score of 29.0. The debt service ratio was 12.28%, debt-to-disposable-income was 110.11%, and consumer insolvency growth was 5.45% YoY."
2001-07-01,Canada,11.99,5.27,6.72,111.37,109.09,102.26,1.91,619000.0,5.62,-0.12,22389.0,3.94,0.27,-0.33,20,20,45,20.0,20.0,25.0,Low Risk,Continue standard monitoring,2001,2001Q3,Q3 2001,Green,"In Q3 2001, Canada household credit risk was classified as Low Risk with a risk score of 25.0. The debt service ratio was 11.99%, debt-to-disposable-income was 111.37%, and consumer insolvency growth was 3.94% YoY."
2001-10-01,Canada,11.81,5.23,6.58,112.4,109.97,103.25,1.79,624784.0,4.86,-0.26,24077.0,13.89,2.04,-0.55,20,20,65,20.0,45.0,31.5,Low Risk,Continue standard monitoring,2001,2001Q4,Q4 2001,Green,"In Q4 2001, Canada household credit risk was classified as Low Risk with a risk score of 31.5. The debt service ratio was 11.81%, debt-to-disposable-income was 112.4%, and consumer insolvency growth was 13.89% YoY."
2002-01-01,Canada,11.71,5.24,6.47,112.73,110.36,103.51,1.69,634372.0,3.22,-0.35,23236.0,1.3,3.66,-0.34,20,20,45,20.0,45.0,27.5,Low Risk,Continue standard monitoring,2002,2002Q1,Q1 2002,Green,"In Q1 2002, Canada household credit risk was classified as Low Risk with a risk score of 27.5. The debt service ratio was 11.71%, debt-to-disposable-income was 112.73%, and consumer insolvency growth was 1.3% YoY."
2002-04-01,Canada,11.81,5.24,6.57,114.17,111.82,105.16,1.65,635996.0,5.51,-0.32,24041.0,0.11,4.06,-0.47,20,20,45,20.0,20.0,25.0,Low Risk,Continue standard monitoring,2002,2002Q2,Q2 2002,Green,"In Q2 2002, Canada household credit risk was classified as Low Risk with a risk score of 25.0. The debt service ratio was 11.81%, debt-to-disposable-income was 114.17%, and consumer insolvency growth was 0.11% YoY."
2002-07-01,Canada,11.88,5.22,6.65,115.57,113.2,106.48,1.68,647156.0,4.55,-0.23,23004.0,2.75,4.2,-0.11,20,20,45,20.0,45.0,27.5,Low Risk,Continue standard monitoring,2002,2002Q3,Q3 2002,Green,"In Q3 2002, Canada household credit risk was classified as Low Risk with a risk score of 27.5. The debt service ratio was 11.88%, debt-to-disposable-income was 115.57%, and consumer insolvency growth was 2.75% YoY."
2002-10-01,Canada,11.99,5.22,6.76,116.45,114.04,107.4,1.69,652804.0,4.48,-0.1,23035.0,-4.33,4.05,0.18,20,20,20,20.0,45.0,22.5,Low Risk,Continue standard monitoring,2002,2002Q4,Q4 2002,Green,"In Q4 2002, Canada household credit risk was classified as Low Risk with a risk score of 22.5. The debt service ratio was 11.99%, debt-to-disposable-income was 116.45%, and consumer insolvency growth was -4.33% YoY."
2003-01-01,Canada,12.04,5.23,6.81,116.42,113.92,107.33,1.65,663028.0,4.52,-0.04,24946.0,7.36,3.69,0.33,20,20,65,20.0,45.0,31.5,Low Risk,Continue standard monitoring,2003,2003Q1,Q1 2003,Green,"In Q1 2003, Canada household credit risk was classified as Low Risk with a risk score of 31.5. The debt service ratio was 12.04%, debt-to-disposable-income was 116.42%, and consumer insolvency growth was 7.36% YoY."
2003-04-01,Canada,12.34,5.32,7.02,117.56,115.12,108.59,1.64,659340.0,3.67,-0.01,26196.0,8.96,3.39,0.53,20,20,65,20.0,45.0,31.5,Low Risk,Continue standard monitoring,2003,2003Q2,Q2 2003,Green,"In Q2 2003, Canada household credit risk was classified as Low Risk with a risk score of 31.5. The debt service ratio was 12.34%, debt-to-disposable-income was 117.56%, and consumer insolvency growth was 8.96% YoY."
2003-07-01,Canada,12.46,5.35,7.11,119.86,117.43,110.91,1.66,661492.0,2.22,-0.02,24572.0,6.82,4.29,0.58,20,20,65,20.0,45.0,31.5,Low Risk,Continue standard monitoring,2003,2003Q3,Q3 2003,Green,"In Q3 2003, Canada household credit risk was classified as Low Risk with a risk score of 31.5. The debt service ratio was 12.46%, debt-to-disposable-income was 119.86%, and consumer insolvency growth was 6.82% YoY."
2003-10-01,Canada,12.49,5.36,7.13,121.56,119.28,112.81,1.6,669092.0,2.5,-0.09,25004.0,8.55,5.11,0.5,20,20,65,20.0,45.0,31.5,Low Risk,Continue standard monitoring,2003,2003Q4,Q4 2003,Green,"In Q4 2003, Canada household credit risk was classified as Low Risk with a risk score of 31.5. The debt service ratio was 12.49%, debt-to-disposable-income was 121.56%, and consumer insolvency growth was 8.55% YoY."
2004-01-01,Canada,12.47,5.33,7.14,122.16,120.13,113.5,1.62,678048.0,2.27,-0.03,26281.0,5.35,5.74,0.43,20,20,65,20.0,45.0,31.5,Low Risk,Continue standard monitoring,2004,2004Q1,Q1 2004,Green,"In Q1 2004, Canada household credit risk was classified as Low Risk with a risk score of 31.5. The debt service ratio was 12.47%, debt-to-disposable-income was 122.16%, and consumer insolvency growth was 5.35% YoY."
2004-04-01,Canada,12.36,5.29,7.07,124.57,123.05,116.5,1.53,694356.0,5.31,-0.11,26296.0,0.38,7.01,0.02,20,20,45,20.0,20.0,25.0,Low Risk,Continue standard monitoring,2004,2004Q2,Q2 2004,Green,"In Q2 2004, Canada household credit risk was classified as Low Risk with a risk score of 25.0. The debt service ratio was 12.36%, debt-to-disposable-income was 124.57%, and consumer insolvency growth was 0.38% YoY."
2004-07-01,Canada,12.42,5.31,7.11,126.2,124.65,118.12,1.52,702448.0,6.19,-0.14,23932.0,-2.6,6.34,-0.04,20,20,20,20.0,20.0,20.0,Low Risk,Continue standard monitoring,2004,2004Q3,Q3 2004,Green,"In Q3 2004, Canada household credit risk was classified as Low Risk with a risk score of 20.0. The debt service ratio was 12.42%, debt-to-disposable-income was 126.2%, and consumer insolvency growth was -2.6% YoY."
2004-10-01,Canada,12.67,5.37,7.3,127.55,126.06,119.62,1.47,706096.0,5.53,-0.13,24547.0,-1.83,5.99,0.18,20,20,20,20.0,20.0,20.0,Low Risk,Continue standard monitoring,2004,2004Q4,Q4 2004,Green,"In Q4 2004, Canada household credit risk was classified as Low Risk with a risk score of 20.0. The debt service ratio was 12.67%, debt-to-disposable-income was 127.55%, and consumer insolvency growth was -1.83% YoY."
2005-01-01,Canada,13.11,5.5,7.61,128.91,127.38,120.43,1.51,703856.0,3.81,-0.11,25477.0,-3.06,6.75,0.64,45,20,20,20.0,45.0,30.0,Low Risk,Continue standard monitoring,2005,2005Q1,Q1 2005,Green,"In Q1 2005, Canada household credit risk was classified as Low Risk with a risk score of 30.0. The debt service ratio was 13.11%, debt-to-disposable-income was 128.91%, and consumer insolvency growth was -3.06% YoY."
2005-04-01,Canada,13.15,5.5,7.65,131.4,129.91,123.05,1.48,719692.0,3.65,-0.05,27612.0,5.0,6.83,0.79,45,20,65,20.0,45.0,39.0,Low Risk,Continue standard monitoring,2005,2005Q2,Q2 2005,Green,"In Q2 2005, Canada household credit risk was classified as Low Risk with a risk score of 39.0. The debt service ratio was 13.15%, debt-to-disposable-income was 131.4%, and consumer insolvency growth was 5.0% YoY."
2005-07-01,Canada,13.28,5.56,7.72,133.73,132.12,125.22,1.49,724884.0,3.19,-0.03,24445.0,2.14,7.53,0.86,45,20,45,20.0,45.0,35.0,Low Risk,Continue standard monitoring,2005,2005Q3,Q3 2005,Green,"In Q3 2005, Canada household credit risk was classified as Low Risk with a risk score of 35.0. The debt service ratio was 13.28%, debt-to-disposable-income was 133.73%, and consumer insolvency growth was 2.14% YoY."
2005-10-01,Canada,13.49,5.62,7.86,135.2,133.37,126.49,1.46,737612.0,4.46,-0.01,25070.0,2.13,7.65,0.82,45,20,45,20.0,45.0,35.0,Low Risk,Continue standard monitoring,2005,2005Q4,Q4 2005,Green,"In Q4 2005, Canada household credit risk was classified as Low Risk with a risk score of 35.0. The debt service ratio was 13.49%, debt-to-disposable-income was 135.2%, and consumer insolvency growth was 2.13% YoY."
2006-01-01,Canada,13.46,5.56,7.9,134.77,133.01,125.95,1.53,759840.0,7.95,0.02,25426.0,-0.2,5.86,0.35,45,20,20,45.0,20.0,31.25,Low Risk,Continue standard monitoring,2006,2006Q1,Q1 2006,Green,"In Q1 2006, Canada household credit risk was classified as Low Risk with a risk score of 31.25. The debt service ratio was 13.46%, debt-to-disposable-income was 134.77%, and consumer insolvency growth was -0.2% YoY."
2006-04-01,Canada,13.91,5.71,8.19,136.53,134.71,127.51,1.56,760588.0,5.68,0.08,25135.0,-8.97,5.13,0.76,45,20,20,45.0,20.0,31.25,Low Risk,Continue standard monitoring,2006,2006Q2,Q2 2006,Green,"In Q2 2006, Canada household credit risk was classified as Low Risk with a risk score of 31.25. The debt service ratio was 13.91%, debt-to-disposable-income was 136.53%, and consumer insolvency growth was -8.97% YoY."
2006-07-01,Canada,13.96,5.72,8.24,138.57,136.62,129.22,1.62,781244.0,7.78,0.13,23653.0,-3.24,4.84,0.68,45,20,20,45.0,20.0,31.25,Low Risk,Continue standard monitoring,2006,2006Q3,Q3 2006,Green,"In Q3 2006, Canada household credit risk was classified as Low Risk with a risk score of 31.25. The debt service ratio was 13.96%, debt-to-disposable-income was 138.57%, and consumer insolvency growth was -3.24% YoY."
2006-10-01,Canada,14.04,5.74,8.3,139.84,138.03,130.45,1.63,795824.0,7.89,0.17,24274.0,-3.18,4.64,0.55,65,20,20,45.0,20.0,37.25,Low Risk,Continue standard monitoring,2006,2006Q4,Q4 2006,Green,"In Q4 2006, Canada household credit risk was classified as Low Risk with a risk score of 37.25. The debt service ratio was 14.04%, debt-to-disposable-income was 139.84%, and consumer insolvency growth was -3.18% YoY."
2007-01-01,Canada,14.16,5.82,8.34,141.32,139.63,131.84,1.62,812260.0,6.9,0.09,25352.0,-0.29,6.55,0.7,65,20,20,45.0,20.0,37.25,Low Risk,Continue standard monitoring,2007,2007Q1,Q1 2007,Green,"In Q1 2007, Canada household credit risk was classified as Low Risk with a risk score of 37.25. The debt service ratio was 14.16%, debt-to-disposable-income was 141.32%, and consumer insolvency growth was -0.29% YoY."
2007-04-01,Canada,14.54,5.98,8.56,144.81,142.88,134.92,1.6,810396.0,6.55,0.04,26363.0,4.89,8.28,0.63,65,20,45,45.0,20.0,42.25,Moderate Risk,Increase monitoring of household credit stress indicators,2007,2007Q2,Q2 2007,Yellow,"In Q2 2007, Canada household credit risk was classified as Moderate Risk with a risk score of 42.25. The debt service ratio was 14.54%, debt-to-disposable-income was 144.81%, and consumer insolvency growth was 4.89% YoY."
2007-07-01,Canada,14.88,6.13,8.75,147.02,145.3,137.38,1.62,814508.0,4.26,0.0,24563.0,3.85,8.45,0.92,65,20,45,45.0,45.0,44.75,Moderate Risk,Increase monitoring of household credit stress indicators,2007,2007Q3,Q3 2007,Yellow,"In Q3 2007, Canada household credit risk was classified as Moderate Risk with a risk score of 44.75. The debt service ratio was 14.88%, debt-to-disposable-income was 147.02%, and consumer insolvency growth was 3.85% YoY."
2007-10-01,Canada,15.0,6.26,8.74,148.69,146.75,138.79,1.66,828116.0,4.06,0.03,25015.0,3.05,8.85,0.96,85,20,45,45.0,45.0,50.75,Moderate Risk,Increase monitoring of household credit stress indicators,2007,2007Q4,Q4 2007,Yellow,"In Q4 2007, Canada household credit risk was classified as Moderate Risk with a risk score of 50.75. The debt service ratio was 15.0%, debt-to-disposable-income was 148.69%, and consumer insolvency growth was 3.05% YoY."
2008-01-01,Canada,14.82,6.21,8.6,149.83,147.86,139.74,1.62,843608.0,3.86,0.0,26146.0,3.13,8.51,0.66,65,20,45,45.0,45.0,44.75,Moderate Risk,Increase monitoring of household credit stress indicators,2008,2008Q1,Q1 2008,Yellow,"In Q1 2008, Canada household credit risk was classified as Moderate Risk with a risk score of 44.75. The debt service ratio was 14.82%, debt-to-disposable-income was 149.83%, and consumer insolvency growth was 3.13% YoY."
2008-04-01,Canada,14.66,6.22,8.44,152.05,149.89,141.68,1.55,858020.0,5.88,-0.05,28686.0,8.81,7.24,0.12,65,20,65,20.0,20.0,42.5,Moderate Risk,Increase monitoring of household credit stress indicators,2008,2008Q2,Q2 2008,Yellow,"In Q2 2008, Canada household credit risk was classified as Moderate Risk with a risk score of 42.5. The debt service ratio was 14.66%, debt-to-disposable-income was 152.05%, and consumer insolvency growth was 8.81% YoY."
2008-07-01,Canada,14.5,6.2,8.3,153.03,150.81,142.67,1.53,874716.0,7.39,-0.09,28960.0,17.9,6.01,-0.38,65,20,85,20.0,20.0,46.5,Moderate Risk,Increase monitoring of household credit stress indicators,2008,2008Q3,Q3 2008,Yellow,"In Q3 2008, Canada household credit risk was classified as Moderate Risk with a risk score of 46.5. The debt service ratio was 14.5%, debt-to-disposable-income was 153.03%, and consumer insolvency growth was 17.9% YoY."
2008-10-01,Canada,14.37,6.11,8.26,153.31,151.18,143.08,1.46,873268.0,5.45,-0.2,31997.0,27.91,4.62,-0.63,65,20,85,20.0,20.0,46.5,Moderate Risk,Increase monitoring of household credit stress indicators,2008,2008Q4,Q4 2008,Yellow,"In Q4 2008, Canada household credit risk was classified as Moderate Risk with a risk score of 46.5. The debt service ratio was 14.37%, debt-to-disposable-income was 153.31%, and consumer insolvency growth was 27.91% YoY."
2009-01-01,Canada,14.19,6.2,7.99,154.15,152.15,144.2,1.35,869928.0,3.12,-0.27,35543.0,35.94,4.32,-0.63,65,20,85,20.0,45.0,49.0,Moderate Risk,Increase monitoring of household credit stress indicators,2009,2009Q1,Q1 2009,Yellow,"In Q1 2009, Canada household credit risk was classified as Moderate Risk with a risk score of 49.0. The debt service ratio was 14.19%, debt-to-disposable-income was 154.15%, and consumer insolvency growth was 35.94% YoY."
2009-04-01,Canada,14.09,6.23,7.86,157.51,155.22,147.18,1.26,874224.0,1.89,-0.29,40249.0,40.31,5.46,-0.57,65,20,85,20.0,65.0,51.0,Moderate Risk,Increase monitoring of household credit stress indicators,2009,2009Q2,Q2 2009,Yellow,"In Q2 2009, Canada household credit risk was classified as Moderate Risk with a risk score of 51.0. The debt service ratio was 14.09%, debt-to-disposable-income was 157.51%, and consumer insolvency growth was 40.31% YoY."
2009-07-01,Canada,13.87,6.18,7.69,160.41,158.29,150.22,1.24,891036.0,1.87,-0.29,40589.0,40.16,7.38,-0.63,45,45,85,20.0,65.0,51.25,Moderate Risk,Increase monitoring of household credit stress indicators,2009,2009Q3,Q3 2009,Yellow,"In Q3 2009, Canada household credit risk was classified as Moderate Risk with a risk score of 51.25. The debt service ratio was 13.87%, debt-to-disposable-income was 160.41%, and consumer insolvency growth was 40.16% YoY."
2009-10-01,Canada,13.82,6.16,7.65,162.59,160.48,152.58,1.23,903940.0,3.51,-0.23,35331.0,10.42,9.28,-0.55,45,45,65,20.0,45.0,45.25,Moderate Risk,Increase monitoring of household credit stress indicators,2009,2009Q4,Q4 2009,Yellow,"In Q4 2009, Canada household credit risk was classified as Moderate Risk with a risk score of 45.25. The debt service ratio was 13.82%, debt-to-disposable-income was 162.59%, and consumer insolvency growth was 10.42% YoY."
2010-01-01,Canada,13.76,6.09,7.67,161.07,159.04,151.0,1.2,925300.0,6.37,-0.15,33855.0,-4.75,6.92,-0.43,45,45,20,20.0,20.0,33.75,Low Risk,Continue standard monitoring,2010,2010Q1,Q1 2010,Green,"In Q1 2010, Canada household credit risk was classified as Low Risk with a risk score of 33.75. The debt service ratio was 13.76%, debt-to-disposable-income was 161.07%, and consumer insolvency growth was -4.75% YoY."
2010-04-01,Canada,14.11,6.24,7.87,163.21,160.87,152.77,1.18,913868.0,4.53,-0.08,35458.0,-11.9,5.7,0.02,65,45,20,20.0,45.0,42.25,Moderate Risk,Increase monitoring of household credit stress indicators,2010,2010Q2,Q2 2010,Yellow,"In Q2 2010, Canada household credit risk was classified as Moderate Risk with a risk score of 42.25. The debt service ratio was 14.11%, debt-to-disposable-income was 163.21%, and consumer insolvency growth was -11.9% YoY."
2010-07-01,Canada,14.1,6.23,7.87,164.27,162.1,154.02,1.2,928072.0,4.16,-0.04,32332.0,-20.34,3.86,0.23,65,45,20,20.0,45.0,42.25,Moderate Risk,Increase monitoring of household credit stress indicators,2010,2010Q3,Q3 2010,Yellow,"In Q3 2010, Canada household credit risk was classified as Moderate Risk with a risk score of 42.25. The debt service ratio was 14.1%, debt-to-disposable-income was 164.27%, and consumer insolvency growth was -20.34% YoY."
2010-10-01,Canada,14.04,6.21,7.82,164.71,162.48,154.59,1.2,945124.0,4.56,-0.03,33363.0,-5.57,2.12,0.22,65,45,20,20.0,45.0,42.25,Moderate Risk,Increase monitoring of household credit stress indicators,2010,2010Q4,Q4 2010,Yellow,"In Q4 2010, Canada household credit risk was classified as Moderate Risk with a risk score of 42.25. The debt service ratio was 14.04%, debt-to-disposable-income was 164.71%, and consumer insolvency growth was -5.57% YoY."
2011-01-01,Canada,14.09,6.25,7.85,164.82,162.54,154.54,1.2,950388.0,2.71,0.0,31604.0,-6.65,3.75,0.33,65,45,20,45.0,45.0,46.0,Moderate Risk,Increase monitoring of household credit stress indicators,2011,2011Q1,Q1 2011,Yellow,"In Q1 2011, Canada household credit risk was classified as Moderate Risk with a risk score of 46.0. The debt service ratio was 14.09%, debt-to-disposable-income was 164.82%, and consumer insolvency growth was -6.65% YoY."
2011-04-01,Canada,14.18,6.28,7.91,166.19,163.92,156.02,1.14,953648.0,4.35,-0.04,32093.0,-9.49,2.98,0.07,65,45,20,20.0,45.0,42.25,Moderate Risk,Increase monitoring of household credit stress indicators,2011,2011Q2,Q2 2011,Yellow,"In Q2 2011, Canada household credit risk was classified as Moderate Risk with a risk score of 42.25. The debt service ratio was 14.18%, debt-to-disposable-income was 166.19%, and consumer insolvency growth was -9.49% YoY."
2011-07-01,Canada,14.14,6.27,7.87,166.92,164.76,157.06,1.15,962860.0,3.75,-0.05,29300.0,-9.38,2.65,0.04,65,45,20,20.0,45.0,42.25,Moderate Risk,Increase monitoring of household credit stress indicators,2011,2011Q3,Q3 2011,Yellow,"In Q3 2011, Canada household credit risk was classified as Moderate Risk with a risk score of 42.25. The debt service ratio was 14.14%, debt-to-disposable-income was 166.92%, and consumer insolvency growth was -9.38% YoY."
2011-10-01,Canada,14.02,6.24,7.79,166.79,164.52,156.65,1.15,981496.0,3.85,-0.05,30002.0,-10.07,2.08,-0.02,65,45,20,20.0,45.0,42.25,Moderate Risk,Increase monitoring of household credit stress indicators,2011,2011Q4,Q4 2011,Yellow,"In Q4 2011, Canada household credit risk was classified as Moderate Risk with a risk score of 42.25. The debt service ratio was 14.02%, debt-to-disposable-income was 166.79%, and consumer insolvency growth was -10.07% YoY."
2012-01-01,Canada,13.95,6.22,7.73,165.94,163.65,155.67,1.13,989444.0,4.11,-0.07,30413.0,-3.77,1.12,-0.14,45,45,20,20.0,45.0,36.25,Low Risk,Continue standard monitoring,2012,2012Q1,Q1 2012,Green,"In Q1 2012, Canada household credit risk was classified as Low Risk with a risk score of 36.25. The debt service ratio was 13.95%, debt-to-disposable-income was 165.94%, and consumer insolvency growth was -3.77% YoY."
2012-04-01,Canada,14.02,6.29,7.73,167.19,164.87,156.86,1.09,994088.0,4.24,-0.05,31275.0,-2.55,1.0,-0.16,65,45,20,20.0,45.0,42.25,Moderate Risk,Increase monitoring of household credit stress indicators,2012,2012Q2,Q2 2012,Yellow,"In Q2 2012, Canada household credit risk was classified as Moderate Risk with a risk score of 42.25. The debt service ratio was 14.02%, debt-to-disposable-income was 167.19%, and consumer insolvency growth was -2.55% YoY."
2012-07-01,Canada,13.98,6.28,7.69,167.63,165.43,157.59,1.11,1006960.0,4.58,-0.04,28050.0,-4.27,0.71,-0.16,45,45,20,20.0,45.0,36.25,Low Risk,Continue standard monitoring,2012,2012Q3,Q3 2012,Green,"In Q3 2012, Canada household credit risk was classified as Low Risk with a risk score of 36.25. The debt service ratio was 13.98%, debt-to-disposable-income was 167.63%, and consumer insolvency growth was -4.27% YoY."
2012-10-01,Canada,13.97,6.31,7.65,167.35,165.23,157.54,1.09,1014516.0,3.36,-0.06,28660.0,-4.47,0.56,-0.05,45,45,20,20.0,45.0,36.25,Low Risk,Continue standard monitoring,2012,2012Q4,Q4 2012,Green,"In Q4 2012, Canada household credit risk was classified as Low Risk with a risk score of 36.25. The debt service ratio was 13.97%, debt-to-disposable-income was 167.35%, and consumer insolvency growth was -4.47% YoY."
2013-01-01,Canada,13.77,6.25,7.52,166.48,164.33,156.57,1.1,1036240.0,4.73,-0.03,28787.0,-5.35,0.54,-0.18,45,45,20,20.0,45.0,36.25,Low Risk,Continue standard monitoring,2013,2013Q1,Q1 2013,Green,"In Q1 2013, Canada household credit risk was classified as Low Risk with a risk score of 36.25. The debt service ratio was 13.77%, debt-to-disposable-income was 166.48%, and consumer insolvency growth was -5.35% YoY."
2013-04-01,Canada,13.83,6.28,7.54,167.23,165.16,157.5,1.06,1042016.0,4.82,-0.03,31872.0,1.91,0.04,-0.19,45,45,45,20.0,45.0,41.25,Moderate Risk,Increase monitoring of household credit stress indicators,2013,2013Q2,Q2 2013,Yellow,"In Q2 2013, Canada household credit risk was classified as Moderate Risk with a risk score of 41.25. The debt service ratio was 13.83%, debt-to-disposable-income was 167.23%, and consumer insolvency growth was 1.91% YoY."
2013-07-01,Canada,13.87,6.34,7.53,167.87,165.78,158.1,1.08,1048424.0,4.12,-0.03,29189.0,4.06,0.24,-0.11,45,45,45,20.0,45.0,41.25,Moderate Risk,Increase monitoring of household credit stress indicators,2013,2013Q3,Q3 2013,Yellow,"In Q3 2013, Canada household credit risk was classified as Moderate Risk with a risk score of 41.25. The debt service ratio was 13.87%, debt-to-disposable-income was 167.87%, and consumer insolvency growth was 4.06% YoY."
2013-10-01,Canada,13.83,6.34,7.49,167.59,165.42,157.88,1.08,1060496.0,4.53,-0.01,28830.0,0.59,0.24,-0.14,45,45,45,20.0,45.0,41.25,Moderate Risk,Increase monitoring of household credit stress indicators,2013,2013Q4,Q4 2013,Yellow,"In Q4 2013, Canada household credit risk was classified as Moderate Risk with a risk score of 41.25. The debt service ratio was 13.83%, debt-to-disposable-income was 167.59%, and consumer insolvency growth was 0.59% YoY."
2014-01-01,Canada,13.84,6.4,7.45,167.29,165.03,157.38,1.07,1067684.0,3.03,-0.03,28770.0,-0.06,0.81,0.07,45,45,20,20.0,45.0,36.25,Low Risk,Continue standard monitoring,2014,2014Q1,Q1 2014,Green,"In Q1 2014, Canada household credit risk was classified as Low Risk with a risk score of 36.25. The debt service ratio was 13.84%, debt-to-disposable-income was 167.29%, and consumer insolvency growth was -0.06% YoY."
2014-04-01,Canada,13.88,6.4,7.48,168.23,165.96,158.41,1.02,1073324.0,3.0,-0.04,31018.0,-2.68,1.0,0.05,45,45,20,20.0,45.0,36.25,Low Risk,Continue standard monitoring,2014,2014Q2,Q2 2014,Green,"In Q2 2014, Canada household credit risk was classified as Low Risk with a risk score of 36.25. The debt service ratio was 13.88%, debt-to-disposable-income was 168.23%, and consumer insolvency growth was -2.68% YoY."
2014-07-01,Canada,13.91,6.39,7.52,169.71,167.4,159.75,1.04,1091132.0,4.07,-0.04,29088.0,-0.35,1.84,0.04,45,45,20,20.0,45.0,36.25,Low Risk,Continue standard monitoring,2014,2014Q3,Q3 2014,Green,"In Q3 2014, Canada household credit risk was classified as Low Risk with a risk score of 36.25. The debt service ratio was 13.91%, debt-to-disposable-income was 169.71%, and consumer insolvency growth was -0.35% YoY."
2014-10-01,Canada,14.1,6.44,7.66,169.69,167.46,159.76,1.04,1094480.0,3.2,-0.04,29174.0,1.19,2.1,0.27,65,45,45,20.0,45.0,47.25,Moderate Risk,Increase monitoring of household credit stress indicators,2014,2014Q4,Q4 2014,Yellow,"In Q4 2014, Canada household credit risk was classified as Moderate Risk with a risk score of 47.25. The debt service ratio was 14.1%, debt-to-disposable-income was 169.69%, and consumer insolvency growth was 1.19% YoY."
2015-01-01,Canada,13.98,6.37,7.61,168.93,166.68,158.94,1.04,1117748.0,4.69,-0.03,29858.0,3.78,1.64,0.14,45,45,45,20.0,45.0,41.25,Moderate Risk,Increase monitoring of household credit stress indicators,2015,2015Q1,Q1 2015,Yellow,"In Q1 2015, Canada household credit risk was classified as Moderate Risk with a risk score of 41.25. The debt service ratio was 13.98%, debt-to-disposable-income was 168.93%, and consumer insolvency growth was 3.78% YoY."
2015-04-01,Canada,13.9,6.35,7.55,170.42,168.25,160.1,0.97,1127520.0,5.05,-0.05,31778.0,2.45,2.19,0.02,45,45,45,20.0,20.0,38.75,Low Risk,Continue standard monitoring,2015,2015Q2,Q2 2015,Green,"In Q2 2015, Canada household credit risk was classified as Low Risk with a risk score of 38.75. The debt service ratio was 13.9%, debt-to-disposable-income was 170.42%, and consumer insolvency growth was 2.45% YoY."
2015-07-01,Canada,13.81,6.38,7.44,171.7,169.56,161.48,0.99,1136328.0,4.14,-0.05,29821.0,2.52,1.99,-0.1,45,45,45,20.0,45.0,41.25,Moderate Risk,Increase monitoring of household credit stress indicators,2015,2015Q3,Q3 2015,Yellow,"In Q3 2015, Canada household credit risk was classified as Moderate Risk with a risk score of 41.25. The debt service ratio was 13.81%, debt-to-disposable-income was 171.7%, and consumer insolvency growth was 2.52% YoY."
2015-10-01,Canada,13.81,6.45,7.36,172.23,170.09,162.03,0.97,1137924.0,3.97,-0.07,30152.0,3.35,2.54,-0.29,45,45,45,20.0,45.0,41.25,Moderate Risk,Increase monitoring of household credit stress indicators,2015,2015Q4,Q4 2015,Yellow,"In Q4 2015, Canada household credit risk was classified as Moderate Risk with a risk score of 41.25. The debt service ratio was 13.81%, debt-to-disposable-income was 172.23%, and consumer insolvency growth was 3.35% YoY."
2016-01-01,Canada,14.17,6.63,7.55,174.2,171.99,163.6,0.97,1107644.0,-0.9,-0.07,31076.0,4.08,5.27,0.19,65,45,45,20.0,85.0,51.25,Moderate Risk,Increase monitoring of household credit stress indicators,2016,2016Q1,Q1 2016,Yellow,"In Q1 2016, Canada household credit risk was classified as Moderate Risk with a risk score of 51.25. The debt service ratio was 14.17%, debt-to-disposable-income was 174.2%, and consumer insolvency growth was 4.08% YoY."
2016-04-01,Canada,14.18,6.7,7.48,177.9,175.68,167.22,0.94,1128120.0,0.05,-0.03,34263.0,7.82,7.48,0.28,65,65,65,20.0,65.0,58.25,Moderate Risk,Increase monitoring of household credit stress indicators,2016,2016Q2,Q2 2016,Yellow,"In Q2 2016, Canada household credit risk was classified as Moderate Risk with a risk score of 58.25. The debt service ratio was 14.18%, debt-to-disposable-income was 177.9%, and consumer insolvency growth was 7.82% YoY."
2016-07-01,Canada,14.15,6.71,7.43,180.29,178.07,169.68,0.94,1141024.0,0.41,-0.05,30416.0,2.0,8.59,0.34,65,65,45,20.0,65.0,54.25,Moderate Risk,Increase monitoring of household credit stress indicators,2016,2016Q3,Q3 2016,Yellow,"In Q3 2016, Canada household credit risk was classified as Moderate Risk with a risk score of 54.25. The debt service ratio was 14.15%, debt-to-disposable-income was 180.29%, and consumer insolvency growth was 2.0% YoY."
2016-10-01,Canada,14.12,6.7,7.41,181.45,179.23,170.71,0.95,1154244.0,1.43,-0.02,30123.0,-0.1,9.22,0.31,65,65,20,20.0,65.0,49.25,Moderate Risk,Increase monitoring of household credit stress indicators,2016,2016Q4,Q4 2016,Yellow,"In Q4 2016, Canada household credit risk was classified as Moderate Risk with a risk score of 49.25. The debt service ratio was 14.12%, debt-to-disposable-income was 181.45%, and consumer insolvency growth was -0.1% YoY."
2017-01-01,Canada,14.31,6.77,7.54,181.25,179.03,170.27,0.94,1158008.0,4.55,-0.03,30684.0,-1.26,7.05,0.14,65,65,20,20.0,45.0,47.25,Moderate Risk,Increase monitoring of household credit stress indicators,2017,2017Q1,Q1 2017,Yellow,"In Q1 2017, Canada household credit risk was classified as Moderate Risk with a risk score of 47.25. The debt service ratio was 14.31%, debt-to-disposable-income was 181.25%, and consumer insolvency growth was -1.26% YoY."
2017-04-01,Canada,14.3,6.74,7.55,182.62,180.4,171.71,0.91,1179116.0,4.52,-0.03,31954.0,-6.74,4.72,0.12,65,65,20,20.0,45.0,47.25,Moderate Risk,Increase monitoring of household credit stress indicators,2017,2017Q2,Q2 2017,Yellow,"In Q2 2017, Canada household credit risk was classified as Moderate Risk with a risk score of 47.25. The debt service ratio was 14.3%, debt-to-disposable-income was 182.62%, and consumer insolvency growth was -6.74% YoY."
2017-07-01,Canada,14.25,6.7,7.54,182.76,180.5,171.86,0.95,1203920.0,5.51,0.01,29535.0,-2.9,2.47,0.1,65,65,20,45.0,20.0,48.5,Moderate Risk,Increase monitoring of household credit stress indicators,2017,2017Q3,Q3 2017,Yellow,"In Q3 2017, Canada household credit risk was classified as Moderate Risk with a risk score of 48.5. The debt service ratio was 14.25%, debt-to-disposable-income was 182.76%, and consumer insolvency growth was -2.9% YoY."
2017-10-01,Canada,14.38,6.78,7.59,182.14,179.87,171.34,0.98,1216424.0,5.39,0.03,30025.0,-0.33,0.69,0.26,65,65,20,45.0,20.0,48.5,Moderate Risk,Increase monitoring of household credit stress indicators,2017,2017Q4,Q4 2017,Yellow,"In Q4 2017, Canada household credit risk was classified as Moderate Risk with a risk score of 48.5. The debt service ratio was 14.38%, debt-to-disposable-income was 182.14%, and consumer insolvency growth was -0.33% YoY."
2018-01-01,Canada,14.64,6.93,7.71,181.22,178.96,170.16,1.0,1215708.0,4.98,0.06,30397.0,-0.94,-0.03,0.33,65,65,20,45.0,45.0,51.0,Moderate Risk,Increase monitoring of household credit stress indicators,2018,2018Q1,Q1 2018,Yellow,"In Q1 2018, Canada household credit risk was classified as Moderate Risk with a risk score of 51.0. The debt service ratio was 14.64%, debt-to-disposable-income was 181.22%, and consumer insolvency growth was -0.94% YoY."
2018-04-01,Canada,14.85,7.04,7.81,182.29,180.04,171.06,0.99,1216444.0,3.17,0.08,32656.0,2.2,-0.33,0.55,65,65,45,45.0,45.0,56.0,Moderate Risk,Increase monitoring of household credit stress indicators,2018,2018Q2,Q2 2018,Yellow,"In Q2 2018, Canada household credit risk was classified as Moderate Risk with a risk score of 56.0. The debt service ratio was 14.85%, debt-to-disposable-income was 182.29%, and consumer insolvency growth was 2.2% YoY."
2018-07-01,Canada,14.97,7.1,7.88,183.79,181.58,172.53,1.04,1222984.0,1.58,0.09,30313.0,2.63,1.03,0.72,65,65,45,45.0,65.0,58.0,Moderate Risk,Increase monitoring of household credit stress indicators,2018,2018Q3,Q3 2018,Yellow,"In Q3 2018, Canada household credit risk was classified as Moderate Risk with a risk score of 58.0. The debt service ratio was 14.97%, debt-to-disposable-income was 183.79%, and consumer insolvency growth was 2.63% YoY."
2018-10-01,Canada,14.94,7.1,7.84,184.33,182.09,173.0,1.07,1244536.0,2.31,0.09,31900.0,6.24,2.19,0.56,65,65,65,45.0,45.0,60.0,Elevated Risk,Review vulnerable borrower segments and stress-test portfolios,2018,2018Q4,Q4 2018,Orange,"In Q4 2018, Canada household credit risk was classified as Elevated Risk with a risk score of 60.0. The debt service ratio was 14.94%, debt-to-disposable-income was 184.33%, and consumer insolvency growth was 6.24% YoY."
2019-01-01,Canada,15.11,7.23,7.88,183.28,181.04,172.04,1.1,1251160.0,2.92,0.1,32239.0,6.06,2.06,0.47,85,65,65,45.0,45.0,66.0,Elevated Risk,Review vulnerable borrower segments and stress-test portfolios,2019,2019Q1,Q1 2019,Orange,"In Q1 2019, Canada household credit risk was classified as Elevated Risk with a risk score of 66.0. The debt service ratio was 15.11%, debt-to-disposable-income was 183.28%, and consumer insolvency growth was 6.06% YoY."
2019-04-01,Canada,15.03,7.2,7.83,183.64,181.41,172.33,1.07,1274800.0,4.8,0.08,35076.0,7.41,1.35,0.18,85,65,65,45.0,45.0,66.0,Elevated Risk,Review vulnerable borrower segments and stress-test portfolios,2019,2019Q2,Q2 2019,Orange,"In Q2 2019, Canada household credit risk was classified as Elevated Risk with a risk score of 66.0. The debt service ratio was 15.03%, debt-to-disposable-income was 183.64%, and consumer insolvency growth was 7.41% YoY."
2019-07-01,Canada,15.06,7.25,7.82,183.63,181.41,172.38,1.1,1287348.0,5.26,0.06,34708.0,14.5,-0.16,0.09,85,65,65,45.0,20.0,63.5,Elevated Risk,Review vulnerable borrower segments and stress-test portfolios,2019,2019Q3,Q3 2019,Orange,"In Q3 2019, Canada household credit risk was classified as Elevated Risk with a risk score of 63.5. The debt service ratio was 15.06%, debt-to-disposable-income was 183.63%, and consumer insolvency growth was 14.5% YoY."
2019-10-01,Canada,14.95,7.19,7.76,182.79,180.54,171.54,1.09,1308140.0,5.11,0.02,35155.0,10.2,-1.54,0.01,65,65,65,45.0,20.0,57.5,Moderate Risk,Increase monitoring of household credit stress indicators,2019,2019Q4,Q4 2019,Yellow,"In Q4 2019, Canada household credit risk was classified as Moderate Risk with a risk score of 57.5. The debt service ratio was 14.95%, debt-to-disposable-income was 182.79%, and consumer insolvency growth was 10.2% YoY."
2020-01-01,Canada,14.64,7.1,7.53,181.0,178.78,169.93,1.08,1323752.0,5.8,-0.02,33227.0,3.06,-2.28,-0.47,65,65,45,20.0,20.0,49.75,Moderate Risk,Increase monitoring of household credit stress indicators,2020,2020Q1,Q1 2020,Yellow,"In Q1 2020, Canada household credit risk was classified as Moderate Risk with a risk score of 49.75. The debt service ratio was 14.64%, debt-to-disposable-income was 181.0%, and consumer insolvency growth was 3.06% YoY."
2020-04-01,Canada,12.56,6.17,6.39,176.83,174.69,165.84,0.98,1452184.0,13.91,-0.09,19160.0,-45.38,-6.81,-2.47,20,65,20,20.0,20.0,31.25,Low Risk,Continue standard monitoring,2020,2020Q2,Q2 2020,Green,"In Q2 2020, Canada household credit risk was classified as Low Risk with a risk score of 31.25. The debt service ratio was 12.56%, debt-to-disposable-income was 176.83%, and consumer insolvency growth was -45.38% YoY."
2020-07-01,Canada,13.47,6.75,6.71,176.55,174.41,165.75,0.96,1393800.0,8.27,-0.14,20707.0,-40.34,-7.08,-1.59,45,65,20,20.0,20.0,38.75,Low Risk,Continue standard monitoring,2020,2020Q3,Q3 2020,Green,"In Q3 2020, Canada household credit risk was classified as Low Risk with a risk score of 38.75. The debt service ratio was 13.47%, debt-to-disposable-income was 176.55%, and consumer insolvency growth was -40.34% YoY."
2020-10-01,Canada,13.94,7.03,6.91,176.85,174.72,166.06,0.95,1380908.0,5.56,-0.14,23364.0,-33.54,-5.94,-1.01,45,65,20,20.0,20.0,38.75,Low Risk,Continue standard monitoring,2020,2020Q4,Q4 2020,Green,"In Q4 2020, Canada household credit risk was classified as Low Risk with a risk score of 38.75. The debt service ratio was 13.94%, debt-to-disposable-income was 176.85%, and consumer insolvency growth was -33.54% YoY."
2021-01-01,Canada,13.57,6.92,6.66,174.11,171.96,163.54,0.91,1432508.0,8.22,-0.17,23824.0,-28.3,-6.89,-1.07,45,45,20,20.0,20.0,33.75,Low Risk,Continue standard monitoring,2021,2021Q1,Q1 2021,Green,"In Q1 2021, Canada household credit risk was classified as Low Risk with a risk score of 33.75. The debt service ratio was 13.57%, debt-to-disposable-income was 174.11%, and consumer insolvency growth was -28.3% YoY."
2021-04-01,Canada,13.72,7.06,6.65,179.82,177.64,168.98,0.88,1427532.0,-1.7,-0.1,22889.0,19.46,2.99,1.16,45,65,85,20.0,85.0,58.25,Moderate Risk,Increase monitoring of household credit stress indicators,2021,2021Q2,Q2 2021,Yellow,"In Q2 2021, Canada household credit risk was classified as Moderate Risk with a risk score of 58.25. The debt service ratio was 13.72%, debt-to-disposable-income was 179.82%, and consumer insolvency growth was 19.46% YoY."
2021-07-01,Canada,13.68,7.06,6.62,182.48,180.27,171.63,0.87,1438212.0,3.19,-0.09,21113.0,1.96,5.93,0.21,45,65,45,20.0,45.0,46.25,Moderate Risk,Increase monitoring of household credit stress indicators,2021,2021Q3,Q3 2021,Yellow,"In Q3 2021, Canada household credit risk was classified as Moderate Risk with a risk score of 46.25. The debt service ratio was 13.68%, debt-to-disposable-income was 182.48%, and consumer insolvency growth was 1.96% YoY."
2021-10-01,Canada,13.9,7.2,6.7,184.45,182.23,173.55,0.86,1426848.0,3.33,-0.09,22266.0,-4.7,7.6,-0.04,45,65,20,20.0,45.0,41.25,Moderate Risk,Increase monitoring of household credit stress indicators,2021,2021Q4,Q4 2021,Yellow,"In Q4 2021, Canada household credit risk was classified as Moderate Risk with a risk score of 41.25. The debt service ratio was 13.9%, debt-to-disposable-income was 184.45%, and consumer insolvency growth was -4.7% YoY."
2022-01-01,Canada,13.81,7.18,6.63,186.4,184.09,175.46,0.84,1465024.0,2.27,-0.07,23153.0,-2.82,12.29,0.24,45,85,20,20.0,45.0,46.25,Moderate Risk,Increase monitoring of household credit stress indicators,2022,2022Q1,Q1 2022,Yellow,"In Q1 2022, Canada household credit risk was classified as Moderate Risk with a risk score of 46.25. The debt service ratio was 13.81%, debt-to-disposable-income was 186.4%, and consumer insolvency growth was -2.82% YoY."
2022-04-01,Canada,14.0,7.33,6.68,189.65,187.29,178.57,0.88,1489856.0,4.37,0.0,25286.0,10.47,9.83,0.28,65,85,65,45.0,45.0,65.0,Elevated Risk,Review vulnerable borrower segments and stress-test portfolios,2022,2022Q2,Q2 2022,Orange,"In Q2 2022, Canada household credit risk was classified as Elevated Risk with a risk score of 65.0. The debt service ratio was 14.0%, debt-to-disposable-income was 189.65%, and consumer insolvency growth was 10.47% YoY."
2022-07-01,Canada,14.43,7.64,6.8,190.07,187.67,179.05,1.03,1503576.0,4.54,0.16,25860.0,22.48,7.59,0.75,65,85,85,45.0,45.0,69.0,Elevated Risk,Review vulnerable borrower segments and stress-test portfolios,2022,2022Q3,Q3 2022,Orange,"In Q3 2022, Canada household credit risk was classified as Elevated Risk with a risk score of 69.0. The debt service ratio was 14.43%, debt-to-disposable-income was 190.07%, and consumer insolvency growth was 22.48% YoY."
2022-10-01,Canada,14.62,7.84,6.78,187.55,185.16,176.59,1.18,1550904.0,8.69,0.32,25885.0,16.25,3.1,0.72,65,85,85,65.0,20.0,69.5,Elevated Risk,Review vulnerable borrower segments and stress-test portfolios,2022,2022Q4,Q4 2022,Orange,"In Q4 2022, Canada household credit risk was classified as Elevated Risk with a risk score of 69.5. The debt service ratio was 14.62%, debt-to-disposable-income was 187.55%, and consumer insolvency growth was 16.25% YoY."
2023-01-01,Canada,15.17,8.23,6.95,185.71,183.33,174.96,1.3,1543368.0,5.35,0.46,29725.0,28.39,-0.69,1.36,85,85,85,65.0,20.0,75.5,High Risk,Escalate to risk committee and review credit policy thresholds,2023,2023Q1,Q1 2023,Red,"In Q1 2023, Canada household credit risk was classified as High Risk with a risk score of 75.5. The debt service ratio was 15.17%, debt-to-disposable-income was 185.71%, and consumer insolvency growth was 28.39% YoY."
2023-04-01,Canada,15.14,8.22,6.92,185.69,183.33,174.95,1.32,1578468.0,5.95,0.44,31224.0,23.48,-3.96,1.14,85,85,85,65.0,20.0,75.5,High Risk,Escalate to risk committee and review credit policy thresholds,2023,2023Q2,Q2 2023,Red,"In Q2 2023, Canada household credit risk was classified as High Risk with a risk score of 75.5. The debt service ratio was 15.14%, debt-to-disposable-income was 185.69%, and consumer insolvency growth was 23.48% YoY."
2023-07-01,Canada,15.09,8.19,6.89,184.41,182.07,173.77,1.39,1620528.0,7.78,0.36,30471.0,17.83,-5.66,0.66,85,65,85,65.0,20.0,70.5,Elevated Risk,Review vulnerable borrower segments and stress-test portfolios,2023,2023Q3,Q3 2023,Orange,"In Q3 2023, Canada household credit risk was classified as Elevated Risk with a risk score of 70.5. The debt service ratio was 15.09%, debt-to-disposable-income was 184.41%, and consumer insolvency growth was 17.83% YoY."
2023-10-01,Canada,15.13,8.2,6.93,182.98,180.66,172.44,1.42,1641912.0,5.87,0.24,31813.0,22.9,-4.57,0.51,85,65,85,45.0,20.0,67.5,Elevated Risk,Review vulnerable borrower segments and stress-test portfolios,2023,2023Q4,Q4 2023,Orange,"In Q4 2023, Canada household credit risk was classified as Elevated Risk with a risk score of 67.5. The debt service ratio was 15.13%, debt-to-disposable-income was 182.98%, and consumer insolvency growth was 22.9% YoY."
2024-01-01,Canada,15.1,8.17,6.94,180.08,177.82,169.68,1.44,1658352.0,7.45,0.14,33885.0,13.99,-5.63,-0.07,85,65,65,45.0,20.0,63.5,Elevated Risk,Review vulnerable borrower segments and stress-test portfolios,2024,2024Q1,Q1 2024,Orange,"In Q1 2024, Canada household credit risk was classified as Elevated Risk with a risk score of 63.5. The debt service ratio was 15.1%, debt-to-disposable-income was 180.08%, and consumer insolvency growth was 13.99% YoY."
2024-04-01,Canada,15.09,8.21,6.88,179.1,176.84,168.67,1.45,1702296.0,7.84,0.13,35082.0,12.36,-6.59,-0.05,85,65,65,45.0,20.0,63.5,Elevated Risk,Review vulnerable borrower segments and stress-test portfolios,2024,2024Q2,Q2 2024,Orange,"In Q2 2024, Canada household credit risk was classified as Elevated Risk with a risk score of 63.5. The debt service ratio was 15.09%, debt-to-disposable-income was 179.1%, and consumer insolvency growth was 12.36% YoY."
2024-07-01,Canada,14.77,7.99,6.78,178.19,175.97,167.8,1.44,1748196.0,7.88,0.05,34588.0,13.51,-6.22,-0.32,65,65,65,45.0,20.0,57.5,Moderate Risk,Increase monitoring of household credit stress indicators,2024,2024Q3,Q3 2024,Yellow,"In Q3 2024, Canada household credit risk was classified as Moderate Risk with a risk score of 57.5. The debt service ratio was 14.77%, debt-to-disposable-income was 178.19%, and consumer insolvency growth was 13.51% YoY."
2024-10-01,Canada,14.67,7.89,6.78,177.2,174.98,166.79,1.39,1765468.0,7.53,-0.03,33740.0,6.06,-5.78,-0.46,65,65,65,20.0,20.0,53.75,Moderate Risk,Increase monitoring of household credit stress indicators,2024,2024Q4,Q4 2024,Yellow,"In Q4 2024, Canada household credit risk was classified as Moderate Risk with a risk score of 53.75. The debt service ratio was 14.67%, debt-to-disposable-income was 177.2%, and consumer insolvency growth was 6.06% YoY."
2025-01-01,Canada,14.66,7.87,6.8,174.9,172.7,164.71,1.36,1780588.0,7.37,-0.08,34225.0,1.0,-5.18,-0.44,65,45,45,20.0,20.0,44.75,Moderate Risk,Increase monitoring of household credit stress indicators,2025,2025Q1,Q1 2025,Yellow,"In Q1 2025, Canada household credit risk was classified as Moderate Risk with a risk score of 44.75. The debt service ratio was 14.66%, debt-to-disposable-income was 174.9%, and consumer insolvency growth was 1.0% YoY."
2025-04-01,Canada,14.7,7.88,6.82,175.87,173.69,165.73,1.34,1788440.0,5.06,-0.11,35114.0,0.09,-3.23,-0.39,65,65,45,20.0,20.0,49.75,Moderate Risk,Increase monitoring of household credit stress indicators,2025,2025Q2,Q2 2025,Yellow,"In Q2 2025, Canada household credit risk was classified as Moderate Risk with a risk score of 49.75. The debt service ratio was 14.7%, debt-to-disposable-income was 175.87%, and consumer insolvency growth was 0.09% YoY."
2025-07-01,Canada,14.61,7.81,6.8,176.66,174.49,166.44,1.33,1807932.0,3.42,-0.11,36256.0,4.82,-1.53,-0.16,65,65,45,20.0,45.0,52.25,Moderate Risk,Increase monitoring of household credit stress indicators,2025,2025Q3,Q3 2025,Yellow,"In Q3 2025, Canada household credit risk was classified as Moderate Risk with a risk score of 52.25. The debt service ratio was 14.61%, debt-to-disposable-income was 176.66%, and consumer insolvency growth was 4.82% YoY."
2025-10-01,Canada,14.57,7.77,6.81,176.85,174.67,166.63,1.31,1818456.0,3.0,-0.08,34862.0,3.33,-0.35,-0.1,65,65,45,20.0,45.0,52.25,Moderate Risk,Increase monitoring of household credit stress indicators,2025,2025Q4,Q4 2025,Yellow,"In Q4 2025, Canada household credit risk was classified as Moderate Risk with a risk score of 52.25. The debt service ratio was 14.57%, debt-to-disposable-income was 176.85%, and consumer insolvency growth was 3.33% YoY."
